prefLabel;hasLanguage
grande;pt
bom;pt
novo;pt
pequeno;pt
próprio;pt
velho;pt
cheio;pt
branco;pt
longo;pt
único;pt
alto;pt
certo;pt
só;pt
possível;pt
claro;pt
capaz;pt
estranho;pt
negro;pt
enorme;pt
escuro;pt
seguinte;pt
mau;pt
diferente;pt
preciso;pt
difícil;pt
antigo;pt
bonito;pt
simples;pt
forte;pt
pobre;pt
sério;pt
belo;pt
feliz;pt
junto;pt
vermelho;pt
humano;pt
inteiro;pt
triste;pt
importante;pt
meio;pt
sentado;pt
fácil;pt
Verdadeiro;pt
frio;pt
vazio;pt
baixo;pt
terrível;pt
próximo;pt
livre;pt
profundo;pt
jovem;pt
preto;pt
impossível;pt
vivo;pt
largo;pt
nu;pt
necessário;pt
azul;pt
natural;pt
quente;pt
completo;pt
verde;pt
pesado;pt
inglês;pt
especial;pt
rápido;pt
igual;pt
comprido;pt
principal;pt
breve;pt
rico;pt
seco;pt
fino;pt
geral;pt
curto;pt
chamado;pt
pálido;pt
leve;pt
anterior;pt
perfeito;pt
grosso;pt
direito;pt
calado;pt
interessante;pt
amarelo;pt
sujo;pt
pronto;pt
imenso;pt
cansado;pt
duro;pt
doente;pt
puro;pt
presente;pt
comum;pt
brilhante;pt
público;pt
magro;pt
grave;pt
cego;pt
deitado;pt
vago;pt
americano;pt
alegre;pt
real;pt
raro;pt
particular;pt
calmo;pt
ansioso;pt
social;pt
nervoso;pt
má;pt
silencioso;pt
lento;pt
semelhante;pt
evidente;pt
doce;pt
curioso;pt
normal;pt
morto;pt
horrível;pt
familiar;pt
lindo;pt
caro;pt
justo;pt
distante;pt
maravilhoso;pt
inútil;pt
dourado;pt
gordo;pt
preocupado;pt
suave;pt
agradável;pt
pessoal;pt
fraco;pt
seguro;pt
satisfeito;pt
infeliz;pt
sombrio;pt
feminino;pt
súbito;pt
estreito;pt
íntimo;pt
sexual;pt
interior;pt
esquerdo;pt
simpático;pt
errado;pt
contente;pt
secreto;pt
fresco;pt
violento;pt
solitário;pt
político;pt
moderno;pt
extraordinário;pt
vulgar;pt
literário;pt
ligeiro;pt
interessado;pt
eterno;pt
habitual;pt
Falso;pt
castanho;pt
parado;pt
inteligente;pt
firme;pt
misterioso;pt
delicado;pt
cinzento;pt
intenso;pt
doméstico;pt
parecido;pt
incapaz;pt
profissional;pt
disposto;pt
absurdo;pt
aberto;pt
furioso;pt
digno;pt
grávido;pt
amigo;pt
quieto;pt
físico;pt
final;pt
famoso;pt
elegante;pt
diverso;pt
redondo;pt
louco;pt
local;pt
imediato;pt
provável;pt
irritado;pt
absoluto;pt
respectivo;pt
macio;pt
santo;pt
prestes;pt
feio;pt
desesperado;pt
colorido;pt
ridículo;pt
precioso;pt
imóvel;pt
engraçado;pt
útil;pt
oposto;pt
militar;pt
determinado;pt
britânico;pt
vasto;pt
religioso;pt
ocupado;pt
inquieto;pt
impaciente;pt
confuso;pt
complicado;pt
estúpido;pt
perigoso;pt
frágil;pt
fechado;pt
espesso;pt
decidido;pt
recente;pt
central;pt
alheio;pt
agudo;pt
surdo;pt
minúsculo;pt
húmido;pt
francês;pt
deserto;pt
barato;pt
sincero;pt
sagrado;pt
moral;pt
luminoso;pt
indiferente;pt
doido;pt
comercial;pt
óbvio;pt
obscuro;pt
magnífico;pt
excelente;pt
inocente;pt
total;pt
selvagem;pt
louro;pt
cor-de-rosa;pt
católico;pt
amável;pt
abafado;pt
prático;pt
pleno;pt
infantil;pt
liso;pt
espantado;pt
vão;pt
perdido;pt
grato;pt
espanhol;pt
divertido;pt
desagradável;pt
delicioso;pt
consciente;pt
assustado;pt
português;pt
mágico;pt
mental;pt
inferior;pt
generoso;pt
encantador;pt
atento;pt
invisível;pt
industrial;pt
exterior;pt
estrangeiro;pt
derradeiro;pt
cruel;pt
rígido;pt
poderoso;pt
modesto;pt
italiano;pt
gelado;pt
farto;pt
trémulo;pt
oculto;pt
nobre;pt
infinito;pt
inesperado;pt
franco;pt
encantado;pt
amoroso;pt
úmido;pt
visível;pt
severo;pt
original;pt
orgulhoso;pt
mortal;pt
esplêndido;pt
coitado;pt
subtil;pt
constante;pt
surpreendente;pt
solene;pt
médio;pt
mudo;pt
futuro;pt
eléctrico;pt
distinto;pt
demasiado;pt
culpado;pt
confortável;pt
banal;pt
regular;pt
razoável;pt
molhado;pt
esquisito;pt
amplo;pt
universitário;pt
moreno;pt
masculino;pt
honesto;pt
elevado;pt
divino;pt
discreto;pt
confiante;pt
aflito;pt
zangado;pt
tranquilo;pt
surpreendido;pt
preparado;pt
miúdo;pt
maldito;pt
judeu;pt
interno;pt
insignificante;pt
incrível;pt
excitado;pt
exacto;pt
esperto;pt
descalço;pt
casado;pt
ardente;pt
típico;pt
transparente;pt
sólido;pt
mero;pt
humilde;pt
doloroso;pt
aéreo;pt
autêntico;pt
urgente;pt
tenso;pt
surpreso;pt
sereno;pt
sensível;pt
querido;pt
fatal;pt
embaraçado;pt
ruim;pt
legal;pt
fundo;pt
contrário;pt
chato;pt
ausente;pt
tímido;pt
sinistro;pt
privado;pt
pensativo;pt
melancólico;pt
envergonhado;pt
denso;pt
definitivo;pt
considerável;pt
atrasado;pt
assustador;pt
artístico;pt
tremendo;pt
ruivo;pt
mole;pt
miserável;pt
irritante;pt
desconfiado;pt
adequado;pt
áspero;pt
trêmulo;pt
responsável;pt
nítido;pt
monstruoso;pt
manso;pt
fantástico;pt
essencial;pt
crescente;pt
científico;pt
bêbado;pt
amargo;pt
aliviado;pt
afastado;pt
telefónico;pt
romântico;pt
espiritual;pt
cristão;pt
brusco;pt
apressado;pt
remoto;pt
insuportável;pt
inicial;pt
grosseiro;pt
dramático;pt
decente;pt
admirável;pt
acordado;pt
sossegado;pt
solteiro;pt
singular;pt
rouco;pt
nocturno;pt
loiro;pt
judaico;pt
irlandês;pt
indignado;pt
histórico;pt
gracioso;pt
admirado;pt
supremo;pt
solto;pt
internacional;pt
europeu;pt
deprimido;pt
brasileiro;pt
atraente;pt
animado;pt
viúvo;pt
ténue;pt
terno;pt
tamanho;pt
ruidoso;pt
relativo;pt
penetrante;pt
ordinário;pt
numeroso;pt
japonês;pt
inúmero;pt
interminável;pt
ilustre;pt
hesitante;pt
gentil;pt
feroz;pt
barbudo;pt
apaixonado;pt
académico;pt
aborrecido;pt
tranqüilo;pt
tradicional;pt
popular;pt
perturbado;pt
oficial;pt
limpo;pt
inevitável;pt
grisalho;pt
extremo;pt
desajeitado;pt
complexo;pt
artificial;pt
abatido;pt
virgem;pt
valioso;pt
sensato;pt
risonho;pt
piedoso;pt
morno;pt
metálico;pt
incerto;pt
idêntico;pt
grego;pt
gigantesco;pt
fiel;pt
excitante;pt
esguio;pt
célebre;pt
apertado;pt
vizinho;pt
vacilante;pt
universal;pt
saudável;pt
repleto;pt
perpétuo;pt
pardo;pt
ofegante;pt
mútuo;pt
lustroso;pt
isolado;pt
inchado;pt
gasto;pt
formal;pt
fascinado;pt
exausto;pt
escasso;pt
dito;pt
distraído;pt
desportivo;pt
contínuo;pt
competente;pt
clássico;pt
civil;pt
adulto;pt
adormecido;pt
técnico;pt
suspeito;pt
sensual;pt
rigoroso;pt
notável;pt
irregular;pt
idoso;pt
excessivo;pt
exato;pt
espantoso;pt
escolar;pt
erótico;pt
enganado;pt
bastante;pt
agitado;pt
actual;pt
absorto;pt
teatral;pt
roxo;pt
robusto;pt
reluzente;pt
nacional;pt
médico;pt
moço;pt
legítimo;pt
idiota;pt
frequente;pt
conveniente;pt
conhecido;pt
chocado;pt
brando;pt
apinhado;pt
tonto;pt
sentimental;pt
rubro;pt
rosado;pt
primitivo;pt
ocasional;pt
lateral;pt
intelectual;pt
horrorizado;pt
devido;pt
desgraçado;pt
demorado;pt
corrente;pt
automático;pt
triunfante;pt
soturno;pt
sorridente;pt
radical;pt
policial;pt
perturbador;pt
perplexo;pt
perfumado;pt
ocidental;pt
monótono;pt
lúgubre;pt
intacto;pt
indiano;pt
impressionado;pt
hebraico;pt
exagerado;pt
escarlate;pt
devoto;pt
constrangido;pt
carregado;pt
bizarro;pt
aparente;pt
variado;pt
trágico;pt
maduro;pt
irónico;pt
injusto;pt
indeciso;pt
ideal;pt
heróico;pt
favorável;pt
débil;pt
cultural;pt
corajoso;pt
concentrado;pt
comovido;pt
clandestino;pt
ameaçador;pt
alvo;pt
vibrante;pt
turístico;pt
temporário;pt
simbólico;pt
sarcástico;pt
respeitável;pt
repentino;pt
quadrado;pt
preferível;pt
ousado;pt
oriental;pt
negativo;pt
lívido;pt
límpido;pt
insensível;pt
grandioso;pt
fatigado;pt
existente;pt
escondido;pt
característico;pt
alemão;pt
sábio;pt
sonoro;pt
significativo;pt
secundário;pt
rude;pt
repugnante;pt
recto;pt
prateado;pt
podre;pt
murcho;pt
medieval;pt
longínquo;pt
intrigado;pt
imperioso;pt
hábil;pt
formoso;pt
fascinante;pt
extenso;pt
estridente;pt
específico;pt
embaraçoso;pt
diário;pt
disponível;pt
cômico;pt
cru;pt
correcto;pt
convencido;pt
careca;pt
agressivo;pt
africano;pt
vagaroso;pt
sórdido;pt
suado;pt
satisfatório;pt
prudente;pt
obstante;pt
natal;pt
mesquinho;pt
mecânico;pt
leal;pt
impressionante;pt
implacável;pt
horroroso;pt
frouxo;pt
formidável;pt
fixo;pt
enfadonho;pt
emocional;pt
económico;pt
disperso;pt
desvairado;pt
desolado;pt
dado;pt
cintilante;pt
afável;pt
ágil;pt
vistoso;pt
traseiro;pt
tolo;pt
tardio;pt
são;pt
russo;pt
receoso;pt
prolongado;pt
prodigioso;pt
privilegiado;pt
odioso;pt
meigo;pt
lógico;pt
irresistível;pt
intolerável;pt
infernal;pt
indispensável;pt
habituado;pt
fundamental;pt
extra;pt
espetado;pt
escusado;pt
egoísta;pt
duvidoso;pt
descuidado;pt
convencional;pt
conseguinte;pt
confidencial;pt
condicionado;pt
cheiroso;pt
cauteloso;pt
atual;pt
anual;pt
aceitável;pt
vário;pt
vaidoso;pt
trivial;pt
tosco;pt
rosa;pt
ritual;pt
respeitoso;pt
reservado;pt
propício;pt
postiço;pt
positivo;pt
pequenino;pt
pavoroso;pt
patético;pt
paciente;pt
ondulante;pt
nojento;pt
musical;pt
minucioso;pt
maluco;pt
improvável;pt
glorioso;pt
gigante;pt
extravagante;pt
exclusivo;pt
esbranquiçado;pt
enérgico;pt
enrugado;pt
direto;pt
crítico;pt
corpulento;pt
básico;pt
brutal;pt
atarefado;pt
arrumado;pt
animal;pt
ávido;pt
vitoriano;pt
tranquilizador;pt
sonolento;pt
reduzido;pt
radioso;pt
psicológico;pt
primário;pt
preferido;pt
múltiplo;pt
municipal;pt
matinal;pt
liberal;pt
jovial;pt
inofensivo;pt
inexplicável;pt
inclinado;pt
iminente;pt
flexível;pt
financeiro;pt
febril;pt
entusiasmado;pt
eletrônico;pt
eficiente;pt
directo;pt
diplomático;pt
diabólico;pt
crucial;pt
circular;pt
bem-vindo;pt
avermelhado;pt
aterrorizado;pt
aterrado;pt
assírio;pt
assente;pt
apagado;pt
ameno;pt
amarelado;pt
abundante;pt
abjecto;pt
vulnerável;pt
volumoso;pt
vertical;pt
tácito;pt
salgado;pt
rasgado;pt
perverso;pt
permanente;pt
peculiar;pt
noturno;pt
mórbido;pt
momentâneo;pt
memorável;pt
maternal;pt
lúcido;pt
individual;pt
indefinido;pt
imponente;pt
imperial;pt
impecável;pt
impassível;pt
imaginário;pt
hediondo;pt
genial;pt
fúnebre;pt
festivo;pt
exigente;pt
esquecido;pt
espaçoso;pt
descansado;pt
defunto;pt
cortês;pt
compreensivo;pt
civilizado;pt
chinês;pt
casto;pt
caseiro;pt
barulhento;pt
austero;pt
arrependido;pt
apreensivo;pt
apavorado;pt
angustiado;pt
agreste;pt
aceso;pt
acabado;pt
trabalhador;pt
sumptuoso;pt
soberbo;pt
semanal;pt
saliente;pt
rijo;pt
reto;pt
rebelde;pt
preso;pt
prematuro;pt
precário;pt
plausível;pt
pendente;pt
paterno;pt
obsceno;pt
mãe;pt
mouro;pt
medonho;pt
materno;pt
juvenil;pt
ingénuo;pt
inflexível;pt
independente;pt
incrédulo;pt
hostil;pt
genuíno;pt
exótico;pt
externo;pt
expressivo;pt
exposto;pt
esfarrapado;pt
esbelto;pt
envidraçado;pt
encolhido;pt
embriagado;pt
educado;pt
difuso;pt
desapontado;pt
desamparado;pt
criminoso;pt
corado;pt
contíguo;pt
carinhoso;pt
bárbaro;pt
audível;pt
aturdido;pt
apropriado;pt
adolescente;pt
vigilante;pt
venenoso;pt
vadio;pt
teso;pt
sutil;pt
supersticioso;pt
sucessivo;pt
separado;pt
rural;pt
roto;pt
revolto;pt
resplandecente;pt
prévio;pt
proibido;pt
passageiro;pt
parvo;pt
material;pt
mal-humorado;pt
invulgar;pt
inacessível;pt
inacabado;pt
imundo;pt
impuro;pt
impotente;pt
impenetrável;pt
hirto;pt
fotográfico;pt
exuberante;pt
exemplar;pt
estrábico;pt
ensolarado;pt
encharcado;pt
dócil;pt
dolorido;pt
desconcertado;pt
dependente;pt
cuidadoso;pt
crespo;pt
convincente;pt
conjugal;pt
cerrado;pt
bondoso;pt
atrevido;pt
ambulante;pt
agrícola;pt
afectuoso;pt
acocorado;pt
acanhado;pt
íngreme;pt
árabe;pt
vitorioso;pt
visual;pt
urbano;pt
térreo;pt
triangular;pt
transtornado;pt
torpe;pt
tenro;pt
temível;pt
tabajara;pt
sublime;pt
reconfortante;pt
quotidiano;pt
prostrado;pt
pesaroso;pt
pasmado;pt
ossudo;pt
ofuscante;pt
obstinado;pt
neutro;pt
meticuloso;pt
medíocre;pt
marinho;pt
majestoso;pt
luxuoso;pt
latino;pt
inconsciente;pt
incessante;pt
impensável;pt
humilhante;pt
holandês;pt
frenético;pt
espectacular;pt
erudito;pt
docente;pt
desorientado;pt
desnecessário;pt
desbotado;pt
deliberado;pt
correto;pt
convicto;pt
baseado;pt
anónimo;pt
amigável;pt
árduo;pt
vigoroso;pt
viciado;pt
vertiginoso;pt
vergonhoso;pt
turco;pt
torto;pt
sinuoso;pt
romano;pt
recôndito;pt
radiante;pt
posterior;pt
poeirento;pt
passivo;pt
oco;pt
multicolor;pt
medroso;pt
isento;pt
irracional;pt
insuficiente;pt
ingênuo;pt
infindável;pt
incomodado;pt
inadequado;pt
histérico;pt
gratuito;pt
gostoso;pt
funerário;pt
fugaz;pt
fluorescente;pt
florido;pt
escandaloso;pt
doentio;pt
desejoso;pt
desconhecido;pt
desconcertante;pt
cortante;pt
cordial;pt
contemporâneo;pt
concreto;pt
comunista;pt
cigano;pt
chegado;pt
caprichoso;pt
burguês;pt
bravo;pt
azulado;pt
atónito;pt
arqueado;pt
aprazível;pt
adiantado;pt
acolhedor;pt
acessível;pt
acastanhado;pt
abobadado;pt
válido;pt
virtuoso;pt
tropical;pt
tortuoso;pt
teimoso;pt
sóbrio;pt
suburbano;pt
sobrenatural;pt
secular;pt
saudoso;pt
salvo;pt
rolante;pt
resultante;pt
ressequido;pt
residencial;pt
reprovador;pt
referido;pt
raso;pt
preguiçoso;pt
plácido;pt
pitoresco;pt
persistente;pt
perceptível;pt
penoso;pt
pacífico;pt
opaco;pt
ofendido;pt
obediente;pt
mítico;pt
muçulmano;pt
mensal;pt
maligno;pt
magoado;pt
maciço;pt
lânguido;pt
londrino;pt
limitado;pt
judicial;pt
irônico;pt
intermitente;pt
insípido;pt
instintivo;pt
insistente;pt
inseguro;pt
inquietante;pt
inexpressivo;pt
indistinto;pt
incómodo;pt
imprevisto;pt
ignorante;pt
grotesco;pt
frito;pt
fosco;pt
forçado;pt
filosófico;pt
estético;pt
estupefacto;pt
espontâneo;pt
entretido;pt
elástico;pt
eficaz;pt
despido;pt
descorado;pt
desanimado;pt
deprimente;pt
delgado;pt
decrépito;pt
decepcionado;pt
cristalino;pt
cognitivo;pt
cerebral;pt
cavo;pt
calvo;pt
caloroso;pt
bruto;pt
baço;pt
azedo;pt
autoritário;pt
astuto;pt
ambicioso;pt
amador;pt
alado;pt
afirmativo;pt
activo;pt
abstracto;pt
abrupto;pt
abominável;pt
abalado;pt
vil;pt
verdejante;pt
temeroso;pt
temente;pt
telefônico;pt
subterrâneo;pt
silvestre;pt
sacana;pt
saboroso;pt
rutilante;pt
revolucionário;pt
resignado;pt
repetido;pt
realista;pt
quebrado;pt
próspero;pt
portátil;pt
pornográfico;pt
pontiagudo;pt
pertencente;pt
oval;pt
opressivo;pt
oportuno;pt
ocioso;pt
obrigatório;pt
oblíquo;pt
obcecado;pt
nupcial;pt
móvel;pt
moribundo;pt
misto;pt
malicioso;pt
lamentável;pt
irado;pt
invejoso;pt
interrogativo;pt
inimigo;pt
infame;pt
inesgotável;pt
indicado;pt
indefeso;pt
imortal;pt
honrado;pt
giratório;pt
fútil;pt
furtivo;pt
fulvo;pt
fronteiro;pt
fito;pt
ferido;pt
favorito;pt
falecido;pt
expectante;pt
exasperado;pt
estéril;pt
estudantil;pt
estimulante;pt
esplendoroso;pt
esmagador;pt
escocês;pt
entendido;pt
enjoado;pt
encarnado;pt
empoleirado;pt
emocionado;pt
douto;pt
deslumbrante;pt
desigual;pt
desempregado;pt
descontente;pt
decisivo;pt
cínico;pt
cálido;pt
contrariado;pt
contorcido;pt
contido;pt
conservador;pt
condescendente;pt
compassivo;pt
ciente;pt
carnudo;pt
cansativo;pt
bêbedo;pt
bestial;pt
azul-escuro;pt
antiquado;pt
alimentar;pt
alcoólico;pt
acertado;pt
ínfimo;pt
árido;pt
vítreo;pt
voraz;pt
verbal;pt
trocista;pt
triunfal;pt
translúcido;pt
teórico;pt
tentado;pt
suspenso;pt
sul;pt
soberano;pt
sedutor;pt
sangrento;pt
róseo;pt
rugoso;pt
ritmado;pt
resoluto;pt
requintado;pt
regalado;pt
rachado;pt
púrpura;pt
protector;pt
petulante;pt
pecaminoso;pt
pausado;pt
pateta;pt
pastoso;pt
passado;pt
opulento;pt
ondulado;pt
oleoso;pt
neoclássico;pt
místico;pt
monumental;pt
moderado;pt
mineiro;pt
maçador;pt
manifesto;pt
macilento;pt
lunar;pt
leviano;pt
leitoso;pt
irreal;pt
instável;pt
instantâneo;pt
insondável;pt
insolente;pt
inerte;pt
indiscreto;pt
indigno;pt
indecente;pt
incompreensível;pt
incompleto;pt
impróprio;pt
imprevisível;pt
imperfeito;pt
imaculado;pt
ideológico;pt
humilhado;pt
giro;pt
fulminante;pt
fugitivo;pt
fugidio;pt
frívolo;pt
farpado;pt
falador;pt
experiente;pt
excêntrico;pt
estrelado;pt
escaldante;pt
engenhoso;pt
encorajador;pt
empenhado;pt
elétrico;pt
eclesiástico;pt
dominante;pt
dominador;pt
disforme;pt
despreocupado;pt
desordenado;pt
desinteressado;pt
desfeito;pt
descontraído;pt
desastroso;pt
desarmado;pt
desaparecido;pt
delirante;pt
curvado;pt
crescido;pt
compacto;pt
colossal;pt
chuvoso;pt
chateado;pt
celeste;pt
cavernoso;pt
boquiaberto;pt
bobo;pt
bancário;pt
atroz;pt
atordoado;pt
arredondado;pt
ancestral;pt
ambíguo;pt
altivo;pt
alerta;pt
alemã;pt
aflitivo;pt
acentuado;pt
acadêmico;pt
abandonado;pt
zeloso;pt
volátil;pt
voluptuoso;pt
veloz;pt
vantajoso;pt
usual;pt
usado;pt
uníssono;pt
tépido;pt
tristonho;pt
traiçoeiro;pt
trabalhoso;pt
tolerante;pt
tocante;pt
tenebroso;pt
suposto;pt
sufocado;pt
subversivo;pt
submisso;pt
sofisticado;pt
sisudo;pt
simultâneo;pt
roliço;pt
residente;pt
reformado;pt
recíproco;pt
ralo;pt
raivoso;pt
racional;pt
publicitário;pt
proveniente;pt
prometedor;pt
preocupante;pt
prenhe;pt
premente;pt
preliminar;pt
precedente;pt
potente;pt
plangente;pt
pegajoso;pt
patente;pt
paralisado;pt
pacato;pt
ostensivo;pt
nostálgico;pt
mortiço;pt
mineral;pt
matutino;pt
marítimo;pt
manual;pt
manhoso;pt
maldoso;pt
líquido;pt
lotado;pt
laranja;pt
jocoso;pt
israelita;pt
involuntário;pt
invejável;pt
insinuante;pt
insensato;pt
infalível;pt
inesquecível;pt
inefável;pt
indolente;pt
indirecto;pt
indicador;pt
inconfundível;pt
imperturbável;pt
imperceptível;pt
iluminado;pt
higiénico;pt
harmonioso;pt
gémeo;pt
fumado;pt
flácido;pt
fictício;pt
faminto;pt
faiscante;pt
esverdeado;pt
estático;pt
estirado;pt
estendido;pt
esgotado;pt
escrupuloso;pt
escorregadio;pt
entreaberto;pt
enigmático;pt
empoado;pt
econômico;pt
dormente;pt
dorido;pt
dissimulado;pt
diagonal;pt
detestável;pt
despercebido;pt
desonesto;pt
desiludido;pt
descomunal;pt
descoberto;pt
desarrumado;pt
deplorável;pt
daninho;pt
cúmplice;pt
côncavo;pt
cândido;pt
criativo;pt
creme;pt
corrido;pt
convulso;pt
convidativo;pt
constrangedor;pt
confundido;pt
compreensível;pt
clínico;pt
celestial;pt
carrancudo;pt
cabeludo;pt
berrante;pt
atencioso;pt
asiático;pt
arrogante;pt
arrepiado;pt
arregalado;pt
arrastado;pt
arquejante;pt
aparatoso;pt
amuado;pt
alucinante;pt
ajoelhado;pt
afogueado;pt
administrativo;pt
voluntário;pt
viscoso;pt
venial;pt
velado;pt
vegetal;pt
uniforme;pt
teológico;pt
televisivo;pt
taciturno;pt
supérfluo;pt
suplicante;pt
superficial;pt
sufocante;pt
sucedido;pt
substancial;pt
solícito;pt
solteirão;pt
solar;pt
servil;pt
sensacional;pt
revelador;pt
ressentido;pt
resistente;pt
republicano;pt
relutante;pt
refulgente;pt
rechonchudo;pt
recatado;pt
químico;pt
privativo;pt
poético;pt
pomposo;pt
polar;pt
parcial;pt
paralítico;pt
paralelo;pt
ouro;pt
optimista;pt
obeso;pt
norte;pt
nativo;pt
matreiro;pt
lilás;pt
letal;pt
lendário;pt
irreverente;pt
irrequieto;pt
insólito;pt
instante;pt
inseparável;pt
insatisfeito;pt
insaciável;pt
informe;pt
inexorável;pt
inexistente;pt
indígena;pt
incoerente;pt
impiedoso;pt
impetuoso;pt
imoral;pt
imobiliário;pt
imaginativo;pt
ignóbil;pt
idílico;pt
horizontal;pt
hipócrita;pt
hilariante;pt
gótico;pt
gélido;pt
grátis;pt
gorducho;pt
fétido;pt
forro;pt
fluido;pt
flagrante;pt
felpudo;pt
exaustivo;pt
exaltado;pt
estafado;pt
esporte;pt
especializado;pt
especado;pt
esfomeado;pt
escorrido;pt
escandalizado;pt
esbugalhado;pt
ermo;pt
enternecido;pt
entediado;pt
enferrujado;pt
enfadado;pt
encardido;pt
empertigado;pt
empedernido;pt
emocionante;pt
eminente;pt
dominical;pt
divorciado;pt
digital;pt
dianteiro;pt
destrutivo;pt
deslumbrado;pt
descarado;pt
desafiador;pt
deficiente;pt
danado;pt
cômodo;pt
céptico;pt
culto;pt
correspondente;pt
copioso;pt
congestionado;pt
compatível;pt
colonial;pt
casual;pt
carnal;pt
burro;pt
besta;pt
azul-marinho;pt
atrapalhado;pt
atlético;pt
ativo;pt
atemorizado;pt
aquático;pt
apático;pt
apto;pt
anormal;pt
andante;pt
amarrotado;pt
alheado;pt
afiado;pt
adocicado;pt
acostumado;pt
acelerado;pt
abastado;pt
áureo;pt
volúvel;pt
viçoso;pt
violeta;pt
vingativo;pt
valente;pt
tónico;pt
turvo;pt
tremente;pt
transversal;pt
transitório;pt
tinto;pt
tentador;pt
suíço;pt
surrado;pt
sumido;pt
sul-africano;pt
subsequente;pt
subalterno;pt
soviético;pt
sonhador;pt
sobranceiro;pt
seguido;pt
sedoso;pt
sanguíneo;pt
sanguinário;pt
sacro;pt
sabido;pt
sabedor;pt
rival;pt
reverente;pt
resolvido;pt
rasteiro;pt
racial;pt
púbico;pt
provocador;pt
profético;pt
profano;pt
problemático;pt
pretensioso;pt
polido;pt
plano;pt
picante;pt
perturbante;pt
persuasivo;pt
perspicaz;pt
persa;pt
pelado;pt
paulista;pt
paternal;pt
parco;pt
pagão;pt
ornamental;pt
organizado;pt
nocivo;pt
musculoso;pt
mulato;pt
metílico;pt
mestiço;pt
mentiroso;pt
matrimonial;pt
marrom;pt
maléfico;pt
macho;pt
lícito;pt
luzidio;pt
listrado;pt
latente;pt
latejante;pt
lancinante;pt
irresponsável;pt
irremediável;pt
irrelevante;pt
inusitado;pt
inquisitivo;pt
inigualável;pt
ingrato;pt
informal;pt
indestrutível;pt
inconveniente;pt
incontrolável;pt
incompetente;pt
incompatível;pt
imprudente;pt
imperdoável;pt
ilegal;pt
húngaro;pt
horrendo;pt
guloso;pt
guerreiro;pt
genealógico;pt
funesto;pt
fumegante;pt
frustrado;pt
formado;pt
fofo;pt
flamejante;pt
fingido;pt
fatigante;pt
extinto;pt
extenuante;pt
expresso;pt
explícito;pt
expansivo;pt
excepcional;pt
eventual;pt
evasivo;pt
eufórico;pt
estrambótico;pt
estragado;pt
estagnado;pt
espetacular;pt
esperançado;pt
espavorido;pt
esparso;pt
esgazeado;pt
escancarado;pt
errante;pt
eriçado;pt
enluarado;pt
engelhado;pt
enfático;pt
enegrecido;pt
endurecido;pt
empoeirado;pt
empinado;pt
eloquente;pt
elementar;pt
egípcio;pt
efectivo;pt
diáfano;pt
disparatado;pt
desumano;pt
desprezível;pt
desprevenido;pt
desmedido;pt
deslocado;pt
desgrenhado;pt
desconfortável;pt
descaído;pt
descarnado;pt
desabrido;pt
cumpridor;pt
crédulo;pt
crente;pt
costumado;pt
corrupto;pt
controverso;pt
consternado;pt
coletivo;pt
colectivo;pt
coerente;pt
choroso;pt
cardíaco;pt
capitalista;pt
cabisbaixo;pt
cabalístico;pt
bíblico;pt
biográfico;pt
benéfico;pt
bem-parecido;pt
batido;pt
barroco;pt
avançado;pt
atarracado;pt
assassino;pt
arrebatado;pt
ardiloso;pt
aprumado;pt
apaziguador;pt
análogo;pt
antecipado;pt
angustiante;pt
amado;pt
alarmante;pt
airoso;pt
afetuoso;pt
afeito;pt
afectado;pt
adverso;pt
adorável;pt
adjunto;pt
acusador;pt
acre;pt
achatado;pt
óptico;pt
ébrio;pt
vital;pt
vidrado;pt
vicioso;pt
vexado;pt
veemente;pt
umbilical;pt
tenaz;pt
temerário;pt
susceptível;pt
suplementar;pt
solidário;pt
sobressaltado;pt
sionista;pt
sibilante;pt
serial;pt
semicerrado;pt
sardento;pt
sanitário;pt
rústico;pt
ríspido;pt
roçagante;pt
romanesco;pt
revoltado;pt
respeitador;pt
relaxante;pt
regional;pt
refinado;pt
rectangular;pt
reconhecível;pt
rebuscado;pt
puído;pt
pueril;pt
protuberante;pt
pronunciado;pt
prisional;pt
previsível;pt
precoce;pt
precipitado;pt
plástico;pt
picaresco;pt
pertinente;pt
pernicioso;pt
patológico;pt
partido;pt
parisiense;pt
oscilante;pt
orgânico;pt
obtuso;pt
objetivo;pt
nulo;pt
nominal;pt
negligente;pt
nauseabundo;pt
nascido;pt
narrativo;pt
mísero;pt
muscular;pt
mundano;pt
metódico;pt
marcial;pt
maravilhado;pt
malcriado;pt
macabro;pt
lusitano;pt
litúrgico;pt
lisonjeiro;pt
ligado;pt
lerdo;pt
lato;pt
lastimoso;pt
ladino;pt
lacrimoso;pt
laborioso;pt
irascível;pt
inverosímil;pt
intermédio;pt
interesseiro;pt
intencional;pt
inoxidável;pt
inoportuno;pt
ininterrupto;pt
ininteligível;pt
infundado;pt
inflamado;pt
infiel;pt
inequívoco;pt
indulgente;pt
indecoroso;pt
indecifrável;pt
incurável;pt
incomparável;pt
incalculável;pt
inaudível;pt
inacreditável;pt
impreciso;pt
implícito;pt
impessoal;pt
imperativo;pt
imbecil;pt
ilusório;pt
ileso;pt
idiomático;pt
hospitalar;pt
homossexual;pt
homicida;pt
hipnotizado;pt
gêmeo;pt
gutural;pt
gratificante;pt
glacial;pt
germânico;pt
gay;pt
galante;pt
fulgurante;pt
frontal;pt
frondoso;pt
forçoso;pt
fortuito;pt
fixa;pt
fiscal;pt
finado;pt
feito;pt
fecundo;pt
fascista;pt
fabuloso;pt
explosivo;pt
executivo;pt
estável;pt
estremunhado;pt
estival;pt
estatístico;pt
esganiçado;pt
esfolado;pt
equivalente;pt
equilibrado;pt
entusiástico;pt
ensurdecedor;pt
ensonado;pt
enluvado;pt
enjoativo;pt
enganoso;pt
enfezado;pt
enfermo;pt
enfastiado;pt
enevoado;pt
encurvado;pt
encaracolado;pt
embasbacado;pt
emaranhado;pt
educacional;pt
dolente;pt
dispendioso;pt
diligente;pt
devorador;pt
desperto;pt
despenteado;pt
desdentado;pt
desdenhoso;pt
desconsolado;pt
desatento;pt
demoníaco;pt
deleitoso;pt
degradante;pt
cósmico;pt
cénico;pt
costeiro;pt
conciso;pt
conciliador;pt
comunicativo;pt
competitivo;pt
compadecido;pt
comovente;pt
coleante;pt
citadino;pt
circunspecto;pt
cinza;pt
chique;pt
certeiro;pt
cativo;pt
cativante;pt
castanho-escuro;pt
carnavalesco;pt
carmesim;pt
canino;pt
caduco;pt
brumoso;pt
bronco;pt
brincalhão;pt
bravio;pt
bento;pt
bendito;pt
beato;pt
basto;pt
bastardo;pt
aveludado;pt
auditivo;pt
assíduo;pt
assistente;pt
asseado;pt
arriscado;pt
arrepiante;pt
arranjado;pt
aromático;pt
armado;pt
aristocrático;pt
arisco;pt
apurado;pt
apreciável;pt
anônimo;pt
animador;pt
alongado;pt
alinhado;pt
alarmado;pt
agoniado;pt
afoito;pt
afetado;pt
acobreado;pt
absorvido;pt
órfão;pt
ético;pt
épico;pt
viril;pt
vincado;pt
vesgo;pt
verde-claro;pt
venturoso;pt
vegetariano;pt
vaporoso;pt
vagabundo;pt
unido;pt
tênue;pt
turbulento;pt
tumultuoso;pt
tufado;pt
trôpego;pt
transbordante;pt
transatlântico;pt
trancado;pt
traidor;pt
torcido;pt
terrestre;pt
talentoso;pt
sôfrego;pt
sumário;pt
sueco;pt
suculento;pt
subjectivo;pt
sorrateiro;pt
sonâmbulo;pt
sofredor;pt
sintético;pt
singelo;pt
sineiro;pt
similar;pt
sequioso;pt
sebento;pt
saltitante;pt
sadio;pt
sacudido;pt
régio;pt
rumoroso;pt
rudimentar;pt
roufenho;pt
rotineiro;pt
retórico;pt
retrovisor;pt
reticente;pt
repulsivo;pt
representativo;pt
repousante;pt
repetitivo;pt
rendilhado;pt
reinante;pt
refrescante;pt
recolhido;pt
quadrangular;pt
póstumo;pt
puri;pt
psíquico;pt
provocante;pt
provisório;pt
providencial;pt
propenso;pt
promíscuo;pt
proeminente;pt
prisioneiro;pt
primaveril;pt
predileto;pt
possesso;pt
possessivo;pt
portador;pt
porco;pt
populoso;pt
pop;pt
pontual;pt
pisado;pt
pio;pt
pintalgado;pt
petrificado;pt
perro;pt
pedante;pt
pecuniário;pt
pastoril;pt
pastoral;pt
parente;pt
palpitante;pt
oriundo;pt
operário;pt
ocular;pt
obsessivo;pt
oblongo;pt
numérico;pt
nuclear;pt
nublado;pt
notório;pt
nefasto;pt
nascente;pt
mínimo;pt
másculo;pt
movimentado;pt
mourisco;pt
moroso;pt
mimoso;pt
mexido;pt
meteorológico;pt
melodramático;pt
melodioso;pt
melhor;pt
mate;pt
maroto;pt
mal-educado;pt
macerado;pt
lúbrico;pt
lépido;pt
lucrativo;pt
licenciado;pt
lascivo;pt
lamacento;pt
lacônico;pt
irrisório;pt
irreparável;pt
inédito;pt
invencível;pt
inumerável;pt
intratável;pt
intimidado;pt
interrogador;pt
interino;pt
integral;pt
inspirado;pt
insone;pt
insolúvel;pt
inquiridor;pt
inovador;pt
injustificado;pt
influente;pt
inexprimível;pt
inestimável;pt
inescrutável;pt
inenarrável;pt
inebriante;pt
indomável;pt
indesejável;pt
indescritível;pt
indefinível;pt
incômodo;pt
incólume;pt
incongruente;pt
inconcebível;pt
incomum;pt
incansável;pt
inalterável;pt
inabalável;pt
imutável;pt
imune;pt
improcedente;pt
ignoto;pt
honroso;pt
hierático;pt
havaiano;pt
gritante;pt
gretado;pt
graúdo;pt
geométrico;pt
genético;pt
furado;pt
funcional;pt
frisado;pt
freqüente;pt
fogoso;pt
fervente;pt
fenício;pt
feminista;pt
fatídico;pt
fanhoso;pt
extremoso;pt
extasiado;pt
experimental;pt
etéreo;pt
esverdinhado;pt
estudioso;pt
estudado;pt
estilhaçado;pt
estampado;pt
estalado;pt
esquivo;pt
espúrio;pt
espirituoso;pt
espinhoso;pt
espectral;pt
espacial;pt
escultural;pt
esclarecido;pt
esbaforido;pt
enxuto;pt
envelhecido;pt
entusiasta;pt
entroncado;pt
entrançado;pt
enojado;pt
encerrado;pt
embuçado;pt
elogioso;pt
dotado;pt
ditoso;pt
diminuto;pt
devastador;pt
destroçado;pt
despeitado;pt
desocupado;pt
desmazelado;pt
desleixado;pt
desequilibrado;pt
deselegante;pt
descompassado;pt
descendente;pt
depravado;pt
dentário;pt
demente;pt
deformado;pt
dedicado;pt
decepcionante;pt
cívico;pt
curado;pt
cruzado;pt
crepuscular;pt
covarde;pt
costumeiro;pt
consecutivo;pt
conformado;pt
conciliatório;pt
comunitário;pt
comprometido;pt
comparável;pt
comestível;pt
cobarde;pt
ciumento;pt
choco;pt
chocho;pt
chocante;pt
categórico;pt
capitoso;pt
canhestro;pt
cambaleante;pt
cadenciado;pt
blasfemo;pt
benévolo;pt
baralhado;pt
balear;pt
azul-claro;pt
aventureiro;pt
augusto;pt
aterrador;pt
atarantado;pt
astral;pt
assombroso;pt
arruivado;pt
arrebitado;pt
arrasado;pt
arrapazado;pt
arguto;pt
arcaico;pt
arborizado;pt
aposentado;pt
angélico;pt
anelado;pt
analítico;pt
amedrontado;pt
alérgico;pt
alquebrado;pt
agonizante;pt
afrontoso;pt
aerodinâmico;pt
adúltero;pt
adotivo;pt
admissível;pt
acolchoado;pt
abrasado;pt
íntegro;pt
ácido;pt
zoológico;pt
zombeteiro;pt
xadrez;pt
vero;pt
vermelho-vivo;pt
verde-musgo;pt
venerável;pt
utilitário;pt
unânime;pt
uniformizado;pt
ululante;pt
ultrapassado;pt
tísico;pt
tumular;pt
tubular;pt
traumático;pt
transcendente;pt
torvo;pt
tormentoso;pt
tolerável;pt
tisnado;pt
temporal;pt
tempestuoso;pt
telegráfico;pt
sugestivo;pt
submerso;pt
sorumbático;pt
somenos;pt
sofrido;pt
sociável;pt
simétrico;pt
sentido;pt
seminu;pt
segundo;pt
sedentário;pt
satírico;pt
saturado;pt
salarial;pt
sacrílego;pt
rotativo;pt
revigorante;pt
retumbante;pt
retraído;pt
retorcido;pt
retardado;pt
respiratório;pt
repelente;pt
relevante;pt
reles;pt
recém-chegado;pt
recuado;pt
receptivo;pt
realizado;pt
rastejante;pt
rancoroso;pt
qualificado;pt
quadriculado;pt
pátrio;pt
purpúreo;pt
pungente;pt
pudico;pt
protestante;pt
previsto;pt
prevenido;pt
pretenso;pt
presunçoso;pt
presumível;pt
prestável;pt
posto;pt
possuidor;pt
platinado;pt
perfeccionista;pt
peremptório;pt
peregrino;pt
peludo;pt
pejado;pt
passional;pt
paroquial;pt
pardacento;pt
par;pt
palerma;pt
pachorrento;pt
ortodoxo;pt
ordenado;pt
oral;pt
onduloso;pt
oeste;pt
nédio;pt
nevado;pt
necessitado;pt
nebuloso;pt
nazi;pt
mordaz;pt
monárquico;pt
misericordioso;pt
miraculoso;pt
mina;pt
meridional;pt
mencionado;pt
mediterrânico;pt
meditabundo;pt
materialista;pt
marxista;pt
marmóreo;pt
malévolo;pt
malfadado;pt
maior;pt
magnânimo;pt
lírico;pt
luxuriante;pt
lixado;pt
lisonjeado;pt
letrado;pt
lastimável;pt
labiríntico;pt
jubiloso;pt
jeitoso;pt
irrepreensível;pt
irredutível;pt
inválido;pt
inveterado;pt
invertido;pt
inverso;pt
intransponível;pt
intimidante;pt
intermediário;pt
integrante;pt
intato;pt
insuspeito;pt
instruído;pt
insigne;pt
insidioso;pt
insatisfatório;pt
infravermelho;pt
inexperiente;pt
indócil;pt
indeterminado;pt
indelével;pt
indelicado;pt
incorrigível;pt
incorreto;pt
incontestável;pt
incondicional;pt
inaugural;pt
inato;pt
imponderável;pt
impertinente;pt
imparcial;pt
impalpável;pt
imobilizado;pt
imaturo;pt
ilustrado;pt
ilimitado;pt
idiopático;pt
hospitaleiro;pt
hirsuto;pt
hereditário;pt
habilidoso;pt
gástrico;pt
grácil;pt
gozado;pt
gorduroso;pt
geminado;pt
fértil;pt
férreo;pt
furibundo;pt
franjado;pt
fosforescente;pt
forjado;pt
folgado;pt
fodido;pt
floreado;pt
flamengo;pt
filial;pt
feudal;pt
fervoroso;pt
ferrugento;pt
fedorento;pt
fastidioso;pt
fanado;pt
falho;pt
falante;pt
extenuado;pt
experimentado;pt
exasperante;pt
estupendo;pt
estropiado;pt
estonteante;pt
estimado;pt
esticado;pt
estarrecido;pt
espumoso;pt
espaçado;pt
esgotante;pt
esdrúxulo;pt
escondIdo;pt
esbraseado;pt
ereto;pt
equivocado;pt
envolvente;pt
entorpecido;pt
ensopado;pt
ensebado;pt
ensanguentado;pt
enlameado;pt
enganador;pt
engalanado;pt
enfurecido;pt
enfraquecido;pt
enfileirado;pt
encabulado;pt
empolado;pt
efeminado;pt
eduardiano;pt
duradouro;pt
doutoral;pt
domiciliário;pt
divisório;pt
diurno;pt
displicente;pt
dinâmico;pt
dilatado;pt
digestivo;pt
devotado;pt
desrespeitoso;pt
desprovido;pt
despropositado;pt
despachado;pt
desolador;pt
desnudado;pt
desleal;pt
deslavado;pt
desinteressante;pt
desgarrado;pt
desenfreado;pt
desencontrado;pt
desejável;pt
desditoso;pt
descolorido;pt
descartável;pt
desanimador;pt
dentado;pt
democrático;pt
definido;pt
dedutível;pt
decrescente;pt
cómico;pt
curvo;pt
curativo;pt
culminante;pt
crónico;pt
contundente;pt
contraído;pt
contrafeito;pt
continental;pt
contemplativo;pt
contagioso;pt
consolador;pt
consolado;pt
consciencioso;pt
consagrado;pt
congénito;pt
condenável;pt
compulsivo;pt
composto;pt
compenetrado;pt
comovedor;pt
comedido;pt
colateral;pt
cinzento-claro;pt
censurável;pt
caótico;pt
catódico;pt
catastrófico;pt
catalão;pt
caridoso;pt
caprípede;pt
canadiano;pt
camponês;pt
campestre;pt
californiano;pt
brioso;pt
bordô;pt
biológico;pt
benigno;pt
benfazejo;pt
benevolente;pt
bege;pt
basco;pt
barrento;pt
bambo;pt
avultado;pt
avulso;pt
avesso;pt
avassalador;pt
avaro;pt
autobiográfico;pt
australiano;pt
audacioso;pt
atilado;pt
atabalhoado;pt
astronómico;pt
artista;pt
arroxeado;pt
arquitectónico;pt
argentino;pt
aproximado;pt
angular;pt
anexo;pt
amistoso;pt
ambiente;pt
amargurado;pt
amarelecido;pt
amadurecido;pt
alucinado;pt
almofadado;pt
alienado;pt
alfabético;pt
alaranjado;pt
aguçado;pt
agarrado;pt
afortunado;pt
adunco;pt
adorado;pt
adicional;pt
acerbo;pt
ósseo;pt
ímpar;pt
zonzo;pt
voluntarioso;pt
vocal;pt
viúva;pt
virginal;pt
vingador;pt
vindouro;pt
veterano;pt
vespertino;pt
verídico;pt
verosímil;pt
verossímil;pt
vermelhusco;pt
venéreo;pt
ventoso;pt
venerando;pt
vencedor;pt
varrido;pt
túrgido;pt
tumefacto;pt
trigueiro;pt
transviado;pt
transexual;pt
tramado;pt
trabalhado;pt
tigrado;pt
temático;pt
sírio;pt
sussurrante;pt
suspeitoso;pt
suportável;pt
superior;pt
suficiente;pt
subjacente;pt
soterrado;pt
socialista;pt
sobrevivente;pt
sobre-humano;pt
snob;pt
sistemático;pt
sindical;pt
sincopado;pt
simplório;pt
silente;pt
sideral;pt
siderado;pt
siciliano;pt
setentrional;pt
serviçal;pt
sepulcral;pt
senil;pt
semicircular;pt
selado;pt
sazonal;pt
satânico;pt
sanhudo;pt
sanguinolento;pt
salvador;pt
sagaz;pt
roubado;pt
rochoso;pt
risível;pt
retesado;pt
ressonante;pt
ressabiado;pt
renovado;pt
renomado;pt
renhido;pt
rematado;pt
relaxado;pt
regulamentar;pt
registrador;pt
reclinado;pt
recheado;pt
reacionário;pt
rasca;pt
rasante;pt
raquítico;pt
rançoso;pt
quimérico;pt
quezilento;pt
queixoso;pt
queimado;pt
quedo;pt
pérola;pt
pérfido;pt
puritano;pt
pródigo;pt
pré-histórico;pt
proveitoso;pt
protegido;pt
progressista;pt
produtivo;pt
prezado;pt
prestigiado;pt
preparatório;pt
premonitório;pt
povoado;pt
possante;pt
poroso;pt
ponderoso;pt
polêmico;pt
plenário;pt
plebeu;pt
platónico;pt
planeado;pt
pestilento;pt
pervertido;pt
pertinaz;pt
perpendicular;pt
pernalto;pt
peristáltico;pt
periférico;pt
penal;pt
penado;pt
peganhento;pt
pegajento;pt
pegado;pt
peco;pt
paternalista;pt
pastel;pt
pasmo;pt
partidário;pt
parrudo;pt
parlamentar;pt
panorâmico;pt
ovante;pt
ostentoso;pt
orçamental;pt
ortopédico;pt
orquestral;pt
originário;pt
opressor;pt
onírico;pt
ontológico;pt
omnipotente;pt
ofensivo;pt
obsoleto;pt
observador;pt
obsequioso;pt
não-comercial;pt
nordestino;pt
neurótico;pt
nato;pt
napolitano;pt
namorado;pt
nacarado;pt
míope;pt
métrico;pt
mundial;pt
multicor;pt
movediço;pt
mouco;pt
mortífero;pt
mortuário;pt
mortificado;pt
mor;pt
mono;pt
mofado;pt
minóico;pt
mindinho;pt
militante;pt
milionário;pt
milimétrico;pt
milagroso;pt
microscópico;pt
metido;pt
mercantil;pt
menino;pt
meloso;pt
melindroso;pt
melindrado;pt
mediano;pt
marroquino;pt
marginal;pt
maníaco;pt
manco;pt
manchado;pt
mal-cheiroso;pt
magnético;pt
magnificente;pt
machucado;pt
macedónio;pt
luzente;pt
louvável;pt
longe;pt
lodoso;pt
literal;pt
levantado;pt
lesto;pt
leonino;pt
leiteiro;pt
legível;pt
lavado;pt
lacónico;pt
lacrimejante;pt
justificável;pt
jurídico;pt
judiciário;pt
jucundo;pt
jacobeo;pt
itinerante;pt
irrefutável;pt
irreflectido;pt
iriado;pt
inóspito;pt
inábil;pt
inviolável;pt
invasor;pt
invariável;pt
inundado;pt
intruso;pt
interposto;pt
internado;pt
interdisciplinar;pt
insultuoso;pt
instrutivo;pt
inspirador;pt
inquietador;pt
inopinado;pt
inimaginável;pt
informativo;pt
informado;pt
infatigável;pt
inextinguível;pt
inerente;pt
inepto;pt
inegável;pt
indizível;pt
indiscutível;pt
indiscriminado;pt
indisciplinado;pt
indevassável;pt
incorrecto;pt
incontido;pt
inconstante;pt
incolor;pt
incisivo;pt
incaracterístico;pt
incapacitado;pt
inanimado;pt
impávido;pt
impensado;pt
imodesto;pt
imerecido;pt
imberbe;pt
ilícito;pt
ignominioso;pt
idôneo;pt
humanitário;pt
hoteleiro;pt
hexagonal;pt
herético;pt
gravatado;pt
gradual;pt
governamental;pt
glabro;pt
gira;pt
geográfico;pt
fêmeo;pt
fálico;pt
fujão;pt
fugido;pt
frígido;pt
frugal;pt
flutuante;pt
florescente;pt
floral;pt
fixe;pt
figurado;pt
fidalgo;pt
ferrado;pt
fenomenológico;pt
feiticeiro;pt
fedido;pt
fantasmagórico;pt
facial;pt
faceiro;pt
exultante;pt
extremado;pt
explicável;pt
expedito;pt
exorbitante;pt
exilado;pt
excelentíssimo;pt
exacerbado;pt
evangélico;pt
estugado;pt
estrídulo;pt
estrondoso;pt
estrito;pt
estrepitoso;pt
estouvado;pt
estonteado;pt
estatelado;pt
estabelecido;pt
esponjoso;pt
espartano;pt
esparramado;pt
espalmado;pt
esotérico;pt
esmaltado;pt
esfumado;pt
escravo;pt
escolástico;pt
escatológico;pt
escarninho;pt
esburacado;pt
esbatido;pt
errático;pt
erecto;pt
epidémico;pt
enviesado;pt
envenenado;pt
entrecortado;pt
enternecedor;pt
entaramelado;pt
entalado;pt
enrolado;pt
enregelado;pt
enlutado;pt
enlouquecido;pt
engordurado;pt
enfunado;pt
enfiado;pt
enfermiço;pt
empolgado;pt
empenado;pt
empastado;pt
empanado;pt
embrulhado;pt
emblemático;pt
emancipado;pt
eloqüente;pt
elaborado;pt
efusivo;pt
edificante;pt
doirado;pt
dobrado;pt
dividido;pt
dissoluto;pt
dispensável;pt
disfarçado;pt
disciplinar;pt
dionisíaco;pt
dinamarquês;pt
detido;pt
determinante;pt
destruidor;pt
destro;pt
despudorado;pt
desprotegido;pt
desproporcional;pt
desprezado;pt
despojado;pt
desimpedido;pt
desgostoso;pt
desfalecido;pt
desembaraçado;pt
descontrolado;pt
desconjuntado;pt
descomposto;pt
desassombrado;pt
desafogado;pt
desabalado;pt
derreado;pt
depreciativo;pt
denunciante;pt
demolidor;pt
deliciado;pt
degredado;pt
defumado;pt
definhado;pt
defensivo;pt
decoroso;pt
decadente;pt
córneo;pt
custoso;pt
cubano;pt
crível;pt
cromado;pt
crispado;pt
coçado;pt
cotidiano;pt
cosmopolita;pt
corporal;pt
coral;pt
convulsivo;pt
conversador;pt
contraditório;pt
continuado;pt
constipado;pt
consistente;pt
consequente;pt
conjunto;pt
conhecedor;pt
conforme;pt
confiável;pt
conceituado;pt
comprometedor;pt
complementar;pt
complacente;pt
compassado;pt
comedor;pt
colérico;pt
coagulado;pt
clamoroso;pt
circunstancial;pt
circundante;pt
chapado;pt
chamejante;pt
cerimonioso;pt
cendrado;pt
celular;pt
cavalheiresco;pt
cavado;pt
castelhano;pt
cartaginês;pt
carreirista;pt
cardado;pt
caprichado;pt
cantado;pt
caloso;pt
calculista;pt
bélico;pt
burlesco;pt
brilhoso;pt
bolorento;pt
bojudo;pt
blindado;pt
bisonho;pt
bem-sucedido;pt
bem-intencionado;pt
bem-humorado;pt
bem-disposto;pt
beige;pt
barrigudo;pt
barbado;pt
bamboleante;pt
bajulador;pt
bafiento;pt
badalado;pt
babado;pt
azul-pálido;pt
azul-celeste;pt
avinhado;pt
auxiliar;pt
autónomo;pt
autorizado;pt
autoral;pt
automatizado;pt
audaz;pt
atravancado;pt
aterrorizante;pt
ateniense;pt
assombrado;pt
assobradado;pt
assimétrico;pt
assanhado;pt
ascendente;pt
articulado;pt
arterial;pt
arrevesado;pt
arreganhado;pt
arraiado;pt
arfante;pt
arenoso;pt
arbitrário;pt
apresentável;pt
apostólico;pt
apocalíptico;pt
antiofídico;pt
aniversário;pt
anilado;pt
anguloso;pt
angorá;pt
anestésico;pt
anedótico;pt
amaro;pt
amarfanhado;pt
amante;pt
alvaiado;pt
alvacento;pt
aluvial;pt
alucinador;pt
alternativo;pt
almiscarado;pt
allo;pt
aliciante;pt
alcatifado;pt
agradecido;pt
africânder;pt
aflautado;pt
adulador;pt
adoptivo;pt
adiposo;pt
acordo;pt
aconchegante;pt
acidental;pt
acidentado;pt
acetinado;pt
acerado;pt
acalorado;pt
abstrato;pt
abrangente;pt
índio;pt
ímpio;pt
vívido;pt
vulcânico;pt
voyeurístico;pt
volante;pt
viável;pt
vivíparo;pt
visitante;pt
visigótico;pt
visceral;pt
vigente;pt
vienense;pt
vidente;pt
viajado;pt
vertebral;pt
vermelho-escuro;pt
vermelho-amarelado;pt
verificável;pt
verde-pálido;pt
verde-negro;pt
vencido;pt
veloce;pt
velhaco;pt
varão;pt
valoroso;pt
utópico;pt
unívoco;pt
untuoso;pt
ultramarino;pt
ultrajante;pt
ulcerado;pt
ufano;pt
túmido;pt
tórrido;pt
tórpido;pt
tuberculoso;pt
trépido;pt
truncado;pt
trocado;pt
trimestral;pt
tresmalhado;pt
tremeluzente;pt
traumatizado;pt
traquino;pt
trançado;pt
transportador;pt
transacto;pt
tranqüilizador;pt
tranquilizante;pt
toscano;pt
torturante;pt
torturado;pt
torreado;pt
topográfico;pt
togado;pt
todo-poderoso;pt
titular;pt
tirânico;pt
tirano;pt
tipográfico;pt
timbrado;pt
testamentário;pt
terrorista;pt
territorial;pt
temperamental;pt
temperado;pt
tedioso;pt
tarado;pt
taludo;pt
talhado;pt
tacanho;pt
sádico;pt
suscetível;pt
superposto;pt
sumo;pt
sugestionável;pt
subtérreo;pt
subjetivo;pt
subdesenvolvido;pt
sombreado;pt
sobrecarregado;pt
sobejo;pt
snobe;pt
situado;pt
sito;pt
sinfónico;pt
simplista;pt
silábico;pt
sigiloso;pt
sibilino;pt
siamês;pt
sexy;pt
sevilhano;pt
servo;pt
senior;pt
senhoril;pt
semiótico;pt
seminal;pt
semidestruído;pt
semi-rural;pt
seleto;pt
seleccionado;pt
sedento;pt
saturnino;pt
sarnento;pt
sapiente;pt
salutar;pt
salobro;pt
salitroso;pt
safado;pt
sado-masoquista;pt
rítmico;pt
réu;pt
ruinoso;pt
rotundo;pt
rosso;pt
rombo;pt
romancista;pt
rodoviário;pt
rodopiante;pt
revisor;pt
reumático;pt
retrógrado;pt
retrospectivo;pt
retroativo;pt
retrasado;pt
retinto;pt
retilíneo;pt
retardatário;pt
restante;pt
respeitado;pt
resfriado;pt
requebrado;pt
reprodutor;pt
reprimido;pt
repreensivo;pt
reparador;pt
rentável;pt
rente;pt
renascentista;pt
remunerador;pt
remediado;pt
remansoso;pt
relampejante;pt
reforçado;pt
reflectido;pt
redundante;pt
recém-nascido;pt
recurvo;pt
rectilíneo;pt
recriminador;pt
reconhecido;pt
reconfortado;pt
recluso;pt
rebrilhante;pt
realizável;pt
reaccionário;pt
rarefeito;pt
rapado;pt
ranhoso;pt
ralado;pt
raiado;pt
racista;pt
rabugento;pt
púnico;pt
pós-modernista;pt
pós-graduado;pt
purificador;pt
pulsante;pt
pré-menstrual;pt
provinciano;pt
prosaico;pt
propositado;pt
promissor;pt
prometido;pt
progressivo;pt
profuso;pt
profanado;pt
prioritário;pt
principiante;pt
primordial;pt
primeiro;pt
prevaricador;pt
prestigioso;pt
prestante;pt
pressuroso;pt
pressago;pt
prescindível;pt
prendado;pt
prejudicial;pt
prejudicado;pt
predominante;pt
predisposto;pt
predatório;pt
preclaro;pt
prazenteiro;pt
postal;pt
pontudo;pt
ponderado;pt
polémico;pt
polpudo;pt
policromo;pt
polegar;pt
pneumático;pt
plúmbeo;pt
plissado;pt
pitiguara;pt
piscícola;pt
pisco;pt
pirotécnico;pt
piroso;pt
piegas;pt
peçonhento;pt
pessimista;pt
permissivo;pt
periódico;pt
periclitante;pt
perdurável;pt
pensante;pt
penitente;pt
penalizado;pt
peitoral;pt
pecador;pt
pautado;pt
paulistano;pt
patrício;pt
patriótico;pt
patelar;pt
parasita;pt
paraphemo;pt
paradoxal;pt
paradisíaco;pt
palpável;pt
paisagista;pt
padroeiro;pt
outonal;pt
orçamentário;pt
orvalhado;pt
ortográfico;pt
orgásmico;pt
ordeiro;pt
oprimido;pt
opresso;pt
oportunista;pt
onomatopaico;pt
ofuscado;pt
odorífero;pt
octogonal;pt
objectivo;pt
nutritivo;pt
novelesco;pt
nodoso;pt
nevoso;pt
neura;pt
nefando;pt
nebular;pt
ndono;pt
naval;pt
nauseante;pt
nauseado;pt
natalício;pt
nasal;pt
narcisista;pt
namorador;pt
namoradeiro;pt
nacionalista;pt
mímico;pt
mutável;pt
murado;pt
mumificado;pt
multiforme;pt
mudado;pt
movente;pt
moralista;pt
montanhoso;pt
monoparental;pt
monocórdico;pt
molhada;pt
modorrento;pt
modernista;pt
mobilado;pt
mitológico;pt
mirífico;pt
mimético;pt
mimado;pt
miliário;pt
milhento;pt
mexicano;pt
metropolitano;pt
meteórico;pt
metafórico;pt
metafísico;pt
mesungueiro;pt
mestra;pt
mesclado;pt
meritório;pt
merecedor;pt
merecedente;pt
mercenário;pt
maçante;pt
maçado;pt
mavioso;pt
matemático;pt
masoquista;pt
marron;pt
marrom-metálico;pt
maricas;pt
maranhense;pt
maquinal;pt
malsão;pt
malhado;pt
malcheiroso;pt
malandro;pt
mal-intencionado;pt
mal-encarado;pt
maiúsculo;pt
magnetizado;pt
magenta;pt
lésbico;pt
lácteo;pt
lunático;pt
loquaz;pt
longitudinal;pt
longilíneo;pt
logístico;pt
litigioso;pt
limoso;pt
licencioso;pt
libidinoso;pt
liberto;pt
libertino;pt
libertador;pt
liberado;pt
leigo;pt
legendário;pt
lectivo;pt
lasso;pt
langoroso;pt
lamuriento;pt
lamentoso;pt
ladrão;pt
lacrimal;pt
kamikaze;pt
judicioso;pt
judaico-cristão;pt
jansenista;pt
islâmico;pt
irritadiço;pt
irrespirável;pt
irreprimível;pt
irrefreável;pt
irreconhecível;pt
irrealista;pt
irisado;pt
inócuo;pt
invulnerável;pt
inventivo;pt
intrínseco;pt
intrépido;pt
introvertido;pt
intrincado;pt
intrigante;pt
intransigente;pt
intragável;pt
intocado;pt
interdito;pt
intercontinental;pt
intercalar;pt
intempestivo;pt
inteligível;pt
insuspeitado;pt
insuperável;pt
insuflável;pt
instigante;pt
insofismável;pt
insinuado;pt
inscrito;pt
inquestionável;pt
inquebrantável;pt
inqualificável;pt
inominável;pt
injurioso;pt
infrutífero;pt
infinitesimal;pt
inexplorado;pt
inerme;pt
ineficaz;pt
inebriado;pt
indubitável;pt
individualista;pt
indistinguível;pt
indisposto;pt
indemne;pt
inconsolável;pt
inconfortável;pt
inconformado;pt
inconfidente;pt
incognoscível;pt
incendiário;pt
incandescente;pt
inaudito;pt
inatingível;pt
inapagável;pt
inamistoso;pt
inalterado;pt
inalienável;pt
inaceitável;pt
impulsivo;pt
impresionado;pt
importuno;pt
implorativo;pt
implausível;pt
impermeável;pt
imparável;pt
imotivado;pt
imitativo;pt
imbricado;pt
imaginável;pt
ilegítimo;pt
idóneo;pt
ibérico;pt
híbrido;pt
humorístico;pt
hospedeiro;pt
horário;pt
horripilante;pt
hormonal;pt
honorífico;pt
honorário;pt
homérico;pt
homogéneo;pt
hispânico;pt
hipotético;pt
hipocondríaco;pt
hipnótico;pt
higiênico;pt
hidráulico;pt
hidratante;pt
heterossexual;pt
hercúleo;pt
hebreu;pt
harmônico;pt
harmónico;pt
grená;pt
gramatical;pt
gradeado;pt
global;pt
glauco;pt
glamouroso;pt
gingão;pt
ginecológico;pt
gestual;pt
geriátrico;pt
georgiano;pt
geológico;pt
genérico;pt
genital;pt
generalizado;pt
garrido;pt
garantido;pt
galhardo;pt
galego;pt
gagá;pt
funéreo;pt
friorento;pt
frequentador;pt
fraterno;pt
fraternal;pt
franzino;pt
formativo;pt
formalista;pt
foragido;pt
folgazão;pt
focal;pt
fluvial;pt
fluente;pt
florestal;pt
fleumático;pt
fissípede;pt
fisionómico;pt
fisiológico;pt
filósofo;pt
fidedigno;pt
fetichista;pt
fetal;pt
fervilhante;pt
ferroviário;pt
fenomenal;pt
fendido;pt
felino;pt
fazendário;pt
faustoso;pt
farmacêutico;pt
farfalhudo;pt
fardado;pt
fanfarrão;pt
famigerado;pt
facíl;pt
fabril;pt
exímio;pt
extrovertido;pt
extremista;pt
extemporâneo;pt
expiatório;pt
existencial;pt
execrável;pt
excelso;pt
evoluído;pt
evangelista;pt
eunuco;pt
eu-próprio;pt
etário;pt
esvoaçante;pt
estupefato;pt
estrénuo;pt
estrompado;pt
estremecido;pt
estratégico;pt
estrangulado;pt
estoirado;pt
estofado;pt
estimável;pt
estereofónico;pt
estanque;pt
esquizóide;pt
esquelético;pt
espumante;pt
espreitador;pt
esporádico;pt
esportivo;pt
espichado;pt
esperançoso;pt
esperado;pt
espelhado;pt
especulativo;pt
espasmódico;pt
espalhafatoso;pt
espalhado;pt
espadaúdo;pt
esmoler;pt
esmerado;pt
esférico;pt
escuso;pt
escultórico;pt
esclerosado;pt
esclarecedor;pt
escarpado;pt
escandinavo;pt
esborrachado;pt
equívoco;pt
equipado;pt
episcopal;pt
epiléptico;pt
enxundioso;pt
enxovalhado;pt
envolvido;pt
entupido;pt
entorpecedor;pt
entontecido;pt
ensangüentado;pt
enrouquecido;pt
enraivecido;pt
enobrecedor;pt
engomado;pt
engasgado;pt
engarrafado;pt
enfatuado;pt
enervante;pt
enervado;pt
encrespado;pt
encravado;pt
encolerizado;pt
encarquilhado;pt
encarniçado;pt
encarcerado;pt
encarado;pt
encanado;pt
encalmado;pt
empretecido;pt
empregado;pt
empolgante;pt
emperrado;pt
empapado;pt
embotado;pt
embaçado;pt
embalsamado;pt
elíptico;pt
elucidativo;pt
elegíaco;pt
electrónico;pt
ecléctico;pt
dúbio;pt
duplo;pt
drástico;pt
doux;pt
doutrinal;pt
dominicano;pt
divinal;pt
divergente;pt
diuturno;pt
distorcido;pt
dissonante;pt
discursivo;pt
dilecto;pt
difamatório;pt
dietético;pt
didático;pt
detalhado;pt
desusado;pt
destrambelhado;pt
desproporcionado;pt
despovoado;pt
despedaçado;pt
desorientador;pt
desorganizado;pt
desonroso;pt
desobediente;pt
desnorteado;pt
desmoralizado;pt
desmesurado;pt
desmembrado;pt
desmaiado;pt
desligado;pt
deslembrado;pt
desirmanado;pt
desidratado;pt
desguarnecido;pt
desgracioso;pt
desgastado;pt
desfocado;pt
desfavorável;pt
desfavorecido;pt
desfasado;pt
desengonçado;pt
desenganado;pt
desencorajador;pt
desempenado;pt
descritivo;pt
descoroçoado;pt
desconexo;pt
descomprometido;pt
descabido;pt
descabelado;pt
desatinado;pt
desarrazoado;pt
desapiedado;pt
desacostumado;pt
derrotado;pt
depressivo;pt
deontológico;pt
dengoso;pt
democrático-burguês;pt
dementado;pt
demaiado;pt
deleitado;pt
defeituoso;pt
dedutivo;pt
decotado;pt
decorativo;pt
dactiloscópico;pt
cônscio;pt
cómodo;pt
célere;pt
culposo;pt
cuidado;pt
cristalizado;pt
criador;pt
cretino;pt
crestado;pt
cremoso;pt
credível;pt
crebro;pt
cossaco;pt
coscuvilheiro;pt
cortesão;pt
cortado;pt
corredio;pt
cornudo;pt
coraçudo;pt
cor-de-ameixa;pt
conversível;pt
contraproducente;pt
contingente;pt
construtivo;pt
constituído;pt
constitucional;pt
conspícuo;pt
conspurcado;pt
congelado;pt
confortador;pt
confortado;pt
confessional;pt
condutor;pt
condigno;pt
concêntrico;pt
concluído;pt
conclusivo;pt
concertado;pt
conceptual;pt
concebível;pt
computadorizado;pt
comprimido;pt
compensador;pt
compendioso;pt
columbino;pt
colado;pt
cirúrgico;pt
cioso;pt
cinzento-pálido;pt
cinzento-esverdeado;pt
cilíndrico;pt
chão;pt
chupado;pt
chanfrado;pt
chamativo;pt
cerimonial;pt
celta;pt
cearense;pt
causal;pt
casuístico;pt
castanho-claro;pt
casmurro;pt
carioca;pt
carijó;pt
carbonizado;pt
caqui;pt
cantante;pt
canoro;pt
canhoto;pt
campal;pt
cambiante;pt
calmante;pt
cabalista;pt
buliçoso;pt
bulboso;pt
bugro;pt
bucólico;pt
bruxuleante;pt
bronzeador;pt
bronzeado;pt
briguento;pt
brigado;pt
brejeiro;pt
brazonado;pt
brasiliense;pt
boçal;pt
botânico;pt
bordado;pt
borbulhento;pt
bonacheirão;pt
boleado;pt
boca-de-sino;pt
boa-pinta;pt
bilioso;pt
big;pt
beneficente;pt
bem-nascido;pt
bem-feito;pt
bem-falante;pt
bem-comportado;pt
belicoso;pt
baptista;pt
baldio;pt
balbuciante;pt
bairrista;pt
baiano;pt
bagunçado;pt
bacana;pt
baboso;pt
açucarado;pt
azul-acinzentado;pt
avisado;pt
aventuroso;pt
automobilístico;pt
auto-suficiente;pt
austríaco;pt
atônito;pt
aturado;pt
atulhado;pt
atrofiado;pt
atroador;pt
atribulado;pt
atravessado;pt
atormentado;pt
ateu;pt
astucioso;pt
astronômico;pt
assentado;pt
asquenazim;pt
asmático;pt
artrítico;pt
arrojado;pt
arrebicado;pt
aristocrata;pt
arejado;pt
arbóreo;pt
aquecido;pt
aproveitável;pt
apreciador;pt
aplicado;pt
apetitoso;pt
apetecível;pt
apaziguado;pt
antipático;pt
antiinflamatório;pt
anticoncepcional;pt
anti-rábico;pt
antessentido;pt
antecedente;pt
ansiado;pt
anotado;pt
anoréxico;pt
animalesco;pt
anglicano;pt
andrógino;pt
andrajoso;pt
ancilar;pt
ancho;pt
anarquista;pt
anafado;pt
amulatado;pt
amorável;pt
amontoado;pt
amnésico;pt
amendoado;pt
amazônico;pt
amatório;pt
amassado;pt
amarelento;pt
amaneirado;pt
altissonante;pt
alteroso;pt
alterado;pt
aloho;pt
almaço;pt
alienígena;pt
alcantilado;pt
ajuizado;pt
ajardinado;pt
aguado;pt
agro;pt
agoirento;pt
agnóstico;pt
afreguesado;pt
afobado;pt
afetivo;pt
afectivo;pt
adversário;pt
adoentado;pt
adesivo;pt
adamascado;pt
ad hoc;pt
acumulado;pt
aconselhável;pt
aconchegado;pt
acinzentado;pt
achacado;pt
acariciante;pt
abusivo;pt
abstruso;pt
abstraído;pt
abreviado;pt
aborrecível;pt
abolicionista;pt
abobado;pt
abaulado;pt
abafadiço;pt
úbere;pt
írrito;pt
étnico;pt
âmbar;pt
ázimo;pt
áulico;pt
áudio;pt
átono;pt
árctico;pt
álgido;pt
à-toa;pt
zumbidor;pt
zulecho;pt
zodiacal;pt
zebrado;pt
zanaga;pt
xucro;pt
xoso;pt
vultoso;pt
votivo;pt
você-que-se-dane;pt
vocálico;pt
vociferante;pt
vocacionado;pt
vocabular;pt
voador;pt
vivido;pt
vivaz;pt
vitamínico;pt
vitalício;pt
virulento;pt
virtual;pt
viral;pt
virado;pt
violável;pt
violáceo;pt
viejo;pt
vicentino;pt
vibrátil;pt
vetusto;pt
vestido;pt
vesgueiro;pt
vertical-horizontal;pt
vermelho-púrpura;pt
vermelho-lacre;pt
vermelho-grená;pt
vermelho-framboesa;pt
vermelho-arroxeado;pt
verde-vivo;pt
verde-seco;pt
verde-ramagem;pt
verde-lima;pt
verde-garrafa;pt
verde-esmeralda;pt
verde-escuro;pt
verde-dourado;pt
verde-cinza;pt
verde-brilhante;pt
verde-azulado;pt
verde-azul;pt
verde-amarelo;pt
verde-acinzentado;pt
veraz;pt
veraneante;pt
veneziano;pt
venerador;pt
vendedor;pt
venal;pt
vem-me-dar-me-uma;pt
velha;pt
vegetável;pt
vedado;pt
vascular;pt
variável;pt
variegado;pt
varicoso;pt
variante;pt
varado;pt
valetudinário;pt
valenciano;pt
vacinado;pt
uterino;pt
usurpador;pt
useiro;pt
urinário;pt
urdidor;pt
unitário;pt
undiscovered;pt
umedecido;pt
ultravioleta;pt
ultrapassável;pt
ulterior;pt
ubíquo;pt
têxtil;pt
tétrico;pt
tátil;pt
táctil;pt
táctico;pt
turquesa;pt
tudesco;pt
tucano;pt
trêfego;pt
troncudo;pt
trombudo;pt
trintão;pt
trigonal;pt
tridimensional;pt
tribal;pt
tresloucado;pt
tremido;pt
travesso;pt
traquejado;pt
transpirado;pt
transmutável;pt
transistorizado;pt
transido;pt
transformador;pt
transcendental;pt
transbebido;pt
trabalhista;pt
toureiro;pt
totoso;pt
totalitário;pt
torácico;pt
tory;pt
torrencial;pt
torrado;pt
tonitroante;pt
tonante;pt
titulado;pt
titubeante;pt
titereteiro;pt
tinhoso;pt
tingido;pt
timorato;pt
tifóide;pt
thalassarcto;pt
teúdo;pt
textual;pt
teutônico;pt
terrífico;pt
terrificante;pt
terreal;pt
terminante;pt
terminal;pt
teologal;pt
tentacular;pt
tendente;pt
tendencioso;pt
temporão;pt
templário;pt
temido;pt
telúrico;pt
televangelista;pt
telepático;pt
teleológico;pt
telefonista;pt
tecnológico;pt
technicolor;pt
teatroso;pt
tcheco;pt
taurino;pt
tardo;pt
tangível;pt
tagarela;pt
súplice;pt
símio;pt
sênior;pt
sáfaro;pt
suspiroso;pt
suspicaz;pt
surreal;pt
suprametido;pt
supradivino;pt
supradito;pt
supraciliar;pt
supra-rogatório;pt
superlativo;pt
suntuoso;pt
sumarento;pt
sulino;pt
sudoeste;pt
sucumbido;pt
sucinto;pt
substituto;pt
subsistente;pt
subseqüente;pt
subordinado;pt
subliminar;pt
subjugante;pt
subido;pt
subaquático;pt
stakhanovista;pt
sovina;pt
sortudo;pt
sortido;pt
sorriso;pt
soroterápico;pt
sorna;pt
sonso;pt
sonoroso;pt
somítico;pt
soluçante;pt
soluçado;pt
solta;pt
solerte;pt
sofrível;pt
sociológico;pt
socado;pt
sobressalente;pt
sobreposto;pt
sobrante;pt
soalheiro;pt
situacional;pt
sitiante;pt
sinóptico;pt
sintático;pt
sintonizador;pt
sinfônico;pt
simplificador;pt
siderúrgico;pt
sibilado;pt
shocking;pt
sextavado;pt
seráfico;pt
servido;pt
serrilhado;pt
serrazina;pt
serrado;pt
serpentino;pt
serpenteante;pt
sequestrado;pt
sequencial;pt
septuagenário;pt
separatista;pt
sentimentalizado;pt
sentencioso;pt
sensitivo;pt
sensacionalista;pt
senhorial;pt
sendeiro;pt
senatorial;pt
semântico;pt
sempiterno;pt
semivirgem;pt
semimorto;pt
semilunar;pt
semigelado;pt
semiesperançado;pt
semiespecializado;pt
semidesnatado;pt
semiacabado;pt
semi-oval;pt
semi-louco;pt
semi-analfabeto;pt
sem-vergonha;pt
sem-sabor;pt
sem-cerimonioso;pt
selvático;pt
selecto;pt
selectivo;pt
seiscentista;pt
segmentado;pt
sedutora;pt
sedicioso;pt
seboso;pt
saárico;pt
saudosista;pt
sastisfeito;pt
sarraceno;pt
sarnoso;pt
sardônico;pt
sardónico;pt
sarapintado;pt
santificado;pt
sano;pt
sangrado;pt
sanfonado;pt
saltitão;pt
salteador;pt
salpicado;pt
salesiano;pt
sagitário;pt
sadomasoquista;pt
sacrossanto;pt
sacral;pt
saciado;pt
sacerdotal;pt
sabático;pt
saburroso;pt
sabichão;pt
ruço;pt
rupestre;pt
ruminado;pt
rulê;pt
ruborizado;pt
roído;pt
rouquenho;pt
rosnador;pt
rosa-shocking;pt
rosa-pérola;pt
rosa-acinzentado;pt
românico;pt
romeno;pt
rolado;pt
rogatório;pt
rogado;pt
roedor;pt
rodesiano;pt
rodado;pt
robótico;pt
riscado;pt
rimado;pt
ridente;pt
ribombante;pt
ribeirinho;pt
rezingão;pt
revolvido;pt
revoltante;pt
revirado;pt
reversível;pt
reverendo;pt
reverberante;pt
retráctil;pt
retroactivo;pt
reticulado;pt
retemperador;pt
retangular;pt
resumível;pt
resumido;pt
restrito;pt
restritivo;pt
restaurador;pt
ressoante;pt
ressaibado;pt
respeitante;pt
resinoso;pt
residual;pt
repuxante;pt
reputado;pt
reptiliário;pt
reprovável;pt
repressivo;pt
repolhudo;pt
repetidor;pt
repetente;pt
repeso;pt
rendido;pt
renascente;pt
remuneratório;pt
reminiscente;pt
remendado;pt
rememorativo;pt
remanescente;pt
relvado;pt
relapso;pt
regressivo;pt
regrante;pt
registador;pt
regimental;pt
regelado;pt
regalador;pt
refractário;pt
refolhudo;pt
reflexivo;pt
referente;pt
reducionista;pt
redobrado;pt
redentor;pt
recém-viúvo;pt
recém-falecido;pt
recém-casado;pt
recurvado;pt
rectal;pt
recriminatório;pt
recreativo;pt
recortado;pt
recorrente;pt
recorde;pt
recomendável;pt
recoberto;pt
recalcado;pt
rebolante;pt
rebentado;pt
rebarbativo;pt
reanimado;pt
realístico;pt
reabilitado;pt
rapace;pt
rangedor;pt
rancheiro;pt
ramalhudo;pt
racional-emotivo;pt
raciocinado;pt
rabínico;pt
quixotesco;pt
quinzenal;pt
quilométrico;pt
quejando;pt
quebrantado;pt
quebradiço;pt
quantitativo;pt
qualitativo;pt
qualificativo;pt
pútrido;pt
púbere;pt
pós-moderno;pt
pós-industrial;pt
pós-freudiano;pt
pós-coital;pt
pífio;pt
pétreo;pt
pélvico;pt
putrefacto;pt
puto;pt
putativo;pt
purpurino;pt
puro-sangue;pt
punitivo;pt
punidor;pt
pulmonar;pt
pulha;pt
pudendo;pt
psicossomático;pt
psicossocial;pt
psicossexual;pt
psicodélico;pt
psicanalítico;pt
psicadélico;pt
prússico;pt
pró-árabe;pt
pré-natal;pt
pré-fabricado;pt
pré-conjugal;pt
provincial;pt
providente;pt
proverbial;pt
provecto;pt
proposital;pt
proporcionado;pt
propo;pt
propiciatório;pt
promotor;pt
promocional;pt
prometente;pt
prolífico;pt
prolixo;pt
proletário;pt
proibitivo;pt
profissionalizado;pt
professoral;pt
procriador;pt
processual;pt
prismático;pt
primoroso;pt
primo;pt
primevo;pt
preventivo;pt
prevecta;pt
prevalecente;pt
pretendente;pt
presumido;pt
prestimoso;pt
pressurizado;pt
presidencial;pt
pregueado;pt
predizível;pt
predial;pt
predestinado;pt
predador;pt
precursor;pt
preconceituoso;pt
prebendário;pt
preambular;pt
praiano;pt
pragmático;pt
pouco;pt
potentado;pt
portuário;pt
portuga;pt
portentoso;pt
porreiro;pt
pornô;pt
pormenorizado;pt
pontifical;pt
pombalino;pt
política;pt
polonês;pt
politécnico;pt
polifónico;pt
polaco;pt
poetizante;pt
poente;pt
plurirracial;pt
pleistocênico;pt
platônico;pt
planáltico;pt
plantado;pt
pitosga;pt
pingante;pt
pigmeu;pt
picuinhas;pt
pichelingue;pt
picado;pt
petrimóvel;pt
petitório;pt
petalado;pt
pestilencial;pt
pestanudo;pt
peso-leve;pt
peruano;pt
perseverante;pt
perseguidor;pt
perscrutador;pt
perolado;pt
pernudo;pt
permeável;pt
perlado;pt
perito;pt
periforme;pt
perguntão;pt
perfurante;pt
perfilado;pt
perene;pt
perenal;pt
perempto;pt
perecível;pt
perdulário;pt
perdoável;pt
perdoador;pt
perdedor;pt
percuciente;pt
pequeno-burguês;pt
pensageiro;pt
penhorado;pt
penetrado;pt
peneirento;pt
pendular;pt
pelancudo;pt
pejorativo;pt
pedófilo;pt
pedrês;pt
pedregoso;pt
pedestre;pt
pedaleiro;pt
pedagógico;pt
peccato;pt
pavimentado;pt
pau;pt
patriótico-revolucionário;pt
patriota;pt
patogénico;pt
patife;pt
patello;pt
passível;pt
pascácio;pt
paródico;pt
parolo;pt
parental;pt
pardavasco;pt
paranóico;pt
paralisante;pt
paraibano;pt
papudo;pt
papal;pt
pançudo;pt
palúdico;pt
palavroso;pt
paladiano;pt
pacificador;pt
pachola;pt
otomano;pt
otimista;pt
oscilatório;pt
ornamentado;pt
orgíaco;pt
organizativo;pt
oratório;pt
oprimente;pt
opiniático;pt
operático;pt
operatório;pt
onomástico;pt
onipresente;pt
oneroso;pt
ondulatório;pt
ondeante;pt
omnipresente;pt
omisso;pt
ominoso;pt
olímpico;pt
olorundidun;pt
oloroso;pt
oligofrênico;pt
olheirento;pt
olfactivo;pt
oleaginoso;pt
oitocentista;pt
oitavado;pt
oiro;pt
ogival;pt
ofídico;pt
oftalmologista;pt
odiento;pt
ocre;pt
oceânico;pt
occipital;pt
obstipado;pt
observável;pt
obsequiador;pt
obscurecido;pt
obrigado;pt
obcecante;pt
nórdico;pt
nómada;pt
néscio;pt
não-vital;pt
não-precioso;pt
não-oficial;pt
não-negociável;pt
não-natural;pt
nutricional;pt
novo-cristão;pt
novel;pt
novato;pt
notarial;pt
norte-americano;pt
normando;pt
nobiliário;pt
niquelado;pt
nimbado;pt
nihilo;pt
neófito;pt
newtoniano;pt
new;pt
nevrálgico;pt
nevoento;pt
neurotóxico;pt
neuromotor;pt
neurológico;pt
nepalês;pt
neogótico;pt
neo-clássico;pt
negro-esverdeado;pt
negrejante;pt
negreiro;pt
negregado;pt
negociável;pt
negociante;pt
naturalista;pt
nasalado;pt
narcótico;pt
napoleônico;pt
napoleónico;pt
namoriscador;pt
nado;pt
nacional-sindicalista;pt
nacional-revolucionário;pt
módico;pt
móbil;pt
máximo;pt
mutante;pt
musculado;pt
multimilionário;pt
multimedia;pt
mulheril;pt
mulherengo;pt
moído;pt
motineiro;pt
mosqueado;pt
morrinhento;pt
morfológico;pt
moremo;pt
mordente;pt
moralizador;pt
monógamo;pt
monócromo;pt
monástico;pt
montado;pt
monstro;pt
monoteísta;pt
monossilábico;pt
monogâmico;pt
monocórdio;pt
monocromático;pt
mongólico;pt
molesto;pt
mogadónico;pt
mofino;pt
modular;pt
mocho;pt
mixuruca;pt
miudinho;pt
mitrado;pt
mitigador;pt
miseris;pt
miserando;pt
misantrópico;pt
misantropo;pt
mirrado;pt
mirabolante;pt
minério;pt
miniaturista;pt
miniatural;pt
minhoto;pt
minguante;pt
militarizado;pt
miliciano;pt
milenarista;pt
migratório;pt
mignon;pt
microndas;pt
mexeriqueiro;pt
metonímico;pt
metalúrgico;pt
mesurado;pt
mestre;pt
messiânico;pt
mesmo;pt
meridiano;pt
meretíssimo;pt
merencório;pt
mercante;pt
mercadológico;pt
menstrual;pt
menor;pt
memorando;pt
membrudo;pt
melento;pt
melado;pt
meio-receoso;pt
meio-francês;pt
meio-cobiçoso;pt
megafonhento;pt
mediterrâneo;pt
medievo;pt
me-dá-aqui-sua-juventude-,-toma-lá-meu-dinheiro;pt
matusquela;pt
matriarcal;pt
matraqueante;pt
mato-grossense;pt
matizado;pt
mater;pt
mateiro;pt
mata-lesmas;pt
mascavo;pt
mascarado;pt
marxista-leninista;pt
martelado;pt
marmorizado;pt
marfim-velho;pt
mareado;pt
marchetado;pt
marcante;pt
marcado;pt
marado;pt
manuscrito;pt
manufactureiro;pt
manteúdo;pt
manipulável;pt
manipulador;pt
maneiroso;pt
mandona;pt
malvisto;pt
malvestido;pt
malvado;pt
malva;pt
maltês;pt
maltratado;pt
maltrapilho;pt
malformado;pt
malfeito;pt
maleável;pt
malcuidado;pt
malconservado;pt
mal-sucedido;pt
mal-morto;pt
mal-disposto;pt
mal-assombrado;pt
mal-alcatroado;pt
majestático;pt
magricela;pt
magrelo;pt
mago;pt
magnànimo;pt
magistral;pt
madrugador;pt
maconde;pt
machista;pt
macedónico;pt
macarrónico;pt
macambúzio;pt
macaco;pt
lúteo;pt
lúrido;pt
luxurioso;pt
luminescente;pt
luarento;pt
louvador;pt
louro-palha;pt
louro-claro;pt
lombrosiano;pt
livre-pensante;pt
litográfico;pt
lisonjeador;pt
lisboeta;pt
linguístico;pt
linear;pt
linda;pt
limítrofe;pt
limitador;pt
light;pt
ligeirento;pt
liceal;pt
libertário;pt
lhano;pt
levedado;pt
levado;pt
levadiço;pt
letivo;pt
leste-oeste;pt
leste;pt
lesivo;pt
lesado;pt
leninista;pt
lenhoso;pt
leguminoso;pt
legislativo;pt
legionário;pt
ledo;pt
lazarento;pt
lauto;pt
laureado;pt
laudatório;pt
lascado;pt
laringeu;pt
lapidar;pt
lanudo;pt
lantejolado;pt
lanceolado;pt
lampeiro;pt
laminado;pt
lamecha;pt
lambão;pt
lambido;pt
laico;pt
lacerante;pt
kolorí;pt
kolori;pt
kafkiano;pt
jônico;pt
jónico;pt
jurisprudencial;pt
jugular;pt
joyciano;pt
jornalístico;pt
jondo;pt
jesuíta;pt
janota;pt
jacobino;pt
iterativo;pt
isócrono;pt
isabelino;pt
irritável;pt
irreversível;pt
irrespondível;pt
irresoluto;pt
irreligioso;pt
irrefragável;pt
irrecusável;pt
irrecuperável;pt
irreconciliável;pt
irrealizável;pt
irrazoável;pt
iridescente;pt
iracundo;pt
ipsissimo;pt
inviável;pt
inviolado;pt
investigador;pt
invernoso;pt
inumano;pt
intumescido;pt
intrusivo;pt
intransmissível;pt
intranquilo;pt
intrafamiliar;pt
intracraniano;pt
intonso;pt
intolerante;pt
intimista;pt
intimidador;pt
intestino;pt
intestinal;pt
interurbano;pt
interpretativo;pt
interplanetário;pt
interlocutório;pt
intercultural;pt
intercidades;pt
intencionado;pt
intemporal;pt
intelectualóide;pt
inteiriço;pt
insultado;pt
institucional;pt
instalado;pt
insofreável;pt
insincero;pt
insepulto;pt
insalubre;pt
inquinado;pt
inquebrável;pt
inqualificado;pt
inorgânico;pt
inoculador;pt
injustificável;pt
inimitável;pt
inidentificável;pt
iniciador;pt
inibido;pt
inglório;pt
ingente;pt
infrene;pt
infortunado;pt
inflamatório;pt
infindo;pt
infierno;pt
infectado;pt
infeccioso;pt
inexeqüível;pt
inexcedível;pt
inestético;pt
inescrupuloso;pt
inelutável;pt
inegociável;pt
industrioso;pt
industrializado;pt
indonésio;pt
indomado;pt
indivisível;pt
indissolúvel;pt
indisputável;pt
indisponível;pt
indisfarçável;pt
indiscernível;pt
indireto;pt
indigesto;pt
indicativo;pt
indestrinçável;pt
indesejado;pt
indesculpável;pt
indemonstrável;pt
indefectível;pt
indagador;pt
incómoda;pt
incógnito;pt
inculto;pt
incriminador;pt
incorruptível;pt
incorpóreo;pt
incontável;pt
incontrolado;pt
incontestado;pt
incontentável;pt
inconsolado;pt
inconseqüente;pt
inconciliável;pt
incomunicável;pt
incompreendido;pt
incomodativo;pt
incomensurável;pt
incivil;pt
incipiente;pt
incestuoso;pt
incendiado;pt
incauto;pt
incasável;pt
inatural;pt
inarticulado;pt
inapto;pt
inapropriado;pt
inapreciável;pt
inapelável;pt
inamovível;pt
inadvertido;pt
inadmissível;pt
in-quarto;pt
impune;pt
impudico;pt
impudente;pt
improvisado;pt
imprestável;pt
impressivo;pt
impressionável;pt
impressionista;pt
impreparado;pt
impraticável;pt
impossibilitado;pt
impositivo;pt
imperscrutável;pt
imperialista;pt
impassivo;pt
impante;pt
impagável;pt
imovente;pt
imortalizado;pt
imigrado;pt
imemorial;pt
imbuído;pt
imbatível;pt
imaterial;pt
imanente;pt
imagético;pt
imaginoso;pt
ilógico;pt
ilibado;pt
iletrado;pt
ilegível;pt
ignaro;pt
icónico;pt
ianque;pt
hípico;pt
humorado;pt
humedecido;pt
humanista;pt
hotentote;pt
hospitalizado;pt
hortícola;pt
homogêneo;pt
home;pt
hollywoodiano;pt
hippie;pt
himénico;pt
hidrópico;pt
hidrófobo;pt
hialino;pt
heurístico;pt
heteróclito;pt
heráldico;pt
hermético;pt
hermenêutico;pt
hermano;pt
hermafrodita;pt
helénico;pt
helenístico;pt
hegeliano;pt
hedonista;pt
hablo;pt
hablabo;pt
habitável;pt
habitacional;pt
gálico;pt
gustativo;pt
guedelhudo;pt
guapo;pt
grão;pt
grumoso;pt
grudento;pt
gronelandês;pt
grilo;pt
greco-cipriota;pt
gravoso;pt
gravado;pt
gratificado;pt
granítico;pt
granulado;pt
granitado;pt
granate;pt
gramado;pt
grafite;pt
grado;pt
gotoso;pt
gorgulhante;pt
gomado;pt
gomada;pt
glúteo;pt
gingado;pt
gesticulatório;pt
germinado;pt
gerador;pt
geopolítico;pt
genocida;pt
gemente;pt
gemebundo;pt
gaúcho;pt
gatinhoso;pt
gasturoso;pt
gastador;pt
garrafal;pt
garboso;pt
ganancioso;pt
galopante;pt
galgo;pt
gaiolo;pt
gaguejante;pt
gago;pt
fóssil;pt
físico-químico;pt
férvido;pt
fuzilante;pt
fusco;pt
furta-cor;pt
funo;pt
fundido;pt
fundador;pt
fundado;pt
fumarento;pt
fulo;pt
fulminado;pt
fulgente;pt
fulcral;pt
frustrante;pt
froixo;pt
frisante;pt
freudiano;pt
freirático;pt
frascário;pt
franzido;pt
franco-prussiano;pt
fraldiqueiro;pt
fragrante;pt
fragmentário;pt
fossilizado;pt
fosfórico;pt
fortificado;pt
fornicador;pt
fornecedor;pt
forense;pt
forasteiro;pt
fora-de-moda;pt
fora-da-lei;pt
folhetinesco;pt
folhado;pt
foleiro;pt
fluminense;pt
florentino;pt
flavo;pt
fiável;pt
fisionomista;pt
finito;pt
findo;pt
finalista;pt
filisteu;pt
filipino;pt
filho;pt
figurativo;pt
fichinha;pt
fiado;pt
ferruginoso;pt
ferrenho;pt
fero;pt
fernandino;pt
ferino;pt
feriado;pt
feminil;pt
femeeiro;pt
felizardo;pt
federal;pt
fastiento;pt
farfalhante;pt
fanático;pt
fantasmático;pt
fantasma;pt
fantasioso;pt
falível;pt
faltoso;pt
falido;pt
falaz;pt
falacioso;pt
facultativo;pt
factual;pt
faceto;pt
facetado;pt
fac-similado;pt
fabulante;pt
exíguo;pt
extático;pt
extremis;pt
extra-religioso;pt
extra-humano;pt
explicativo;pt
experto;pt
expedicionário;pt
existencialista;pt
exequível;pt
execrando;pt
excruciante;pt
excluído;pt
exatasiado;pt
exangue;pt
ex-viúvo;pt
ex-católico;pt
evitável;pt
etílico;pt
etrusco;pt
etológico;pt
etimológico;pt
esvaecido;pt
estúpido-inteligente;pt
estóico;pt
estupefaciente;pt
estuante;pt
estrutural;pt
estroinas;pt
estroboscópico;pt
estreitado;pt
estourado;pt
estilizado;pt
estilhado;pt
estereotipado;pt
estercorário;pt
esteatopígio;pt
estatal;pt
estagnante;pt
estagiário;pt
estadual;pt
estacionário;pt
estabanado;pt
esroupado;pt
esquálido;pt
esquerdista;pt
espraiado;pt
espoliado;pt
espojado;pt
esplendente;pt
espiritualizado;pt
espiralado;pt
espiral;pt
espigado;pt
espertalhão;pt
espaventoso;pt
espartilhado;pt
espapaçado;pt
esmorecido;pt
esmagado;pt
esguedelhado;pt
esgrouviado;pt
esganado;pt
esgalhado;pt
esgalgado;pt
esfíngio;pt
esfíngico;pt
esfuziante;pt
esfumaçado;pt
esfrangalhado;pt
esfogueteado;pt
esfogueado;pt
esfaimado;pt
esfacelado;pt
escurecido;pt
esculpido;pt
escrito;pt
escorreito;pt
esconso;pt
escaveirado;pt
escavado;pt
escarrapachado;pt
escarranchado;pt
escarrado;pt
escapo;pt
escanzelado;pt
escanhoado;pt
escangalhado;pt
escamoso;pt
escamado;pt
escabroso;pt
esbofado;pt
eqüino;pt
eqüestre;pt
equinocial;pt
epilético;pt
enxerido;pt
envernizado;pt
envaidecido;pt
enublado;pt
entusiasmante;pt
entumescido;pt
entrouxado;pt
entristecido;pt
entrelaçado;pt
entre-cortado;pt
entranhado;pt
entorpecente;pt
entediante;pt
ensombrecido;pt
ensimesmado;pt
enroupado;pt
enroscado;pt
enriquecido;pt
enriquecedor;pt
enraizado;pt
enrabichado;pt
enleado;pt
enlatado;pt
enlanguescido;pt
enjeitado;pt
enguiçado;pt
engrolado;pt
engadanhado;pt
enfeitiçado;pt
enfeitado;pt
energético;pt
endémico;pt
endomingado;pt
endividado;pt
encovado;pt
encorreado;pt
encorpado;pt
encorajante;pt
enclausurado;pt
enciumado;pt
enciclopédico;pt
encefálico;pt
encarregado;pt
encaroçado;pt
encapelado;pt
encantante;pt
encanecido;pt
encadeado;pt
emérito;pt
emproado;pt
empresarial;pt
empoçado;pt
emplumado;pt
emperolado;pt
empastelado;pt
empapuçado;pt
empantufado;pt
emotivo-racional;pt
emigrante;pt
embriagante;pt
embranquecido;pt
embonecado;pt
embirrento;pt
embebido;pt
embaidor;pt
embaciado;pt
emaciado;pt
elitista;pt
elegível;pt
electrizante;pt
electrizado;pt
ejaculatório;pt
egresso;pt
efémero;pt
efetivo;pt
efervescente;pt
efabulador;pt
edípico;pt
editorial;pt
edipiano;pt
edificador;pt
ecuménico;pt
ecológico;pt
eclético;pt
dúctil;pt
dórico;pt
díspar;pt
dândi;pt
duplicado;pt
ducal;pt
dubitável;pt
dual;pt
doído;pt
dotal;pt
dorsal;pt
dormitante;pt
dorminhoco;pt
donzel;pt
donairoso;pt
domingueiro;pt
doloso;pt
doida;pt
dogmático;pt
documental;pt
ditatorial;pt
distanciado;pt
dissuasor;pt
dissipado;pt
disléxico;pt
disfarçatório;pt
disciplinado;pt
diritto;pt
dirigista;pt
direitista;pt
director;pt
directivo;pt
diplomado;pt
diminuído;pt
dileto;pt
dilacerante;pt
dilacerado;pt
digressivo;pt
dificultoso;pt
didáctico;pt
dialéctico;pt
devoluto;pt
devedor;pt
determinístico;pt
deteriorador;pt
detector;pt
desértico;pt
desvitalizado;pt
desviado;pt
desventuroso;pt
desventurado;pt
desvalido;pt
destruído;pt
destreinado;pt
destituído;pt
desterrado;pt
destemido;pt
dessexuado;pt
dessarrumado;pt
desregrado;pt
desquitado;pt
desprendido;pt
desperdiçado;pt
desonrado;pt
desnudo;pt
desnatural;pt
desmunido;pt
desmotivado;pt
desmantelado;pt
desmancha-prazeres;pt
desmamado;pt
deslizante;pt
desinibido;pt
desimportante;pt
desgovernado;pt
desfigurado;pt
desfiado;pt
desestabilizador;pt
desesperançado;pt
desesperante;pt
desesperador;pt
desertor;pt
desenvolvido;pt
desenvolto;pt
desentendido;pt
desengraçado;pt
desendinheirado;pt
desencaminhado;pt
desempregador;pt
descrente;pt
descontraido;pt
desconhecida;pt
desconhecedor;pt
descomedido;pt
descascado;pt
descapotável;pt
descampado;pt
descafeinado;pt
desbordante;pt
desbocado;pt
desavindo;pt
desavergonhado;pt
desaustinado;pt
desarvorado;pt
desapercebido;pt
desaparentado;pt
desamorável;pt
desalinhado;pt
desalentado;pt
desafrontado;pt
desafortunado;pt
desafecto;pt
desacreditado;pt
desacorde;pt
desacompanhado;pt
desabusado;pt
desabrochado;pt
desabotoado;pt
derrotista;pt
derretido;pt
depauperado;pt
denunciador;pt
denodado;pt
delinquente;pt
delido;pt
deletério;pt
delator;pt
delambido;pt
degradado;pt
degenerativo;pt
degenerado;pt
defluente;pt
deferente;pt
decorrente;pt
declarante;pt
declarado;pt
declamatório;pt
decifrável;pt
decaído;pt
decadencial;pt
debilitante;pt
deambulatório;pt
darwinista;pt
danificado;pt
cônico;pt
cível;pt
céltico;pt
cáustico;pt
curvilíneo;pt
cursivo;pt
curricular;pt
curial;pt
cuneiforme;pt
cumprimentador;pt
culpabilizante;pt
culinário;pt
crônico;pt
crucificado;pt
cronológico;pt
criterioso;pt
cristão-velho;pt
cristã;pt
crioulo;pt
criminal;pt
crepitante;pt
crasso;pt
craniano;pt
coxo;pt
covo;pt
cosmético;pt
coríntio;pt
corruptível;pt
corriqueiro;pt
corretivo;pt
corrediço;pt
corrector;pt
corpóreo;pt
coreano;pt
cordato;pt
corcunda-marreco;pt
corcunda;pt
corcovado;pt
cor-de-violeta;pt
cor-de-vinho;pt
cor-de-rosa-fúchsia;pt
cor-de-rato;pt
cor-de-cereja;pt
copulador;pt
copado;pt
convidado;pt
convertido;pt
convergente;pt
convalescente;pt
contumaz;pt
controlável;pt
controlado;pt
contrito;pt
contristador;pt
contrastante;pt
contraceptivo;pt
continente;pt
contestatário;pt
contemptor;pt
contado;pt
consumidor;pt
consumado;pt
consuetudinário;pt
constitutivo;pt
constelado;pt
conspiratório;pt
conserveiro;pt
conservado;pt
conselheiro;pt
conscrito;pt
conscencioso;pt
consangüíneo;pt
conquistador;pt
conjecturante;pt
congressista;pt
confirmável;pt
confidente;pt
confiado;pt
confesso;pt
confessado;pt
conferencístico;pt
conducente;pt
condicional;pt
condenado;pt
concóide;pt
concorrente;pt
concorde;pt
concomitante;pt
concludente;pt
concho;pt
concernente;pt
comunal;pt
comum-de-dois;pt
compósito;pt
compungido;pt
comportamental;pt
comportado;pt
complexado;pt
compensado;pt
comodista;pt
cominatório;pt
comemorativo;pt
combustível;pt
combinado;pt
colectável;pt
colante;pt
coitada;pt
coincidente;pt
coetâneo;pt
cobiçoso;pt
clubista;pt
cloacal;pt
climático;pt
climatérico;pt
claustrofóbico;pt
claustral;pt
claudicante;pt
clarificador;pt
citado;pt
cismático;pt
cismador;pt
circulatório;pt
circulante;pt
cinzento-pomba;pt
cinzento-médio;pt
cinzento-metalizado;pt
cinzento-escuro;pt
cinza-escuro;pt
cinza-claro;pt
cintado;pt
cinemático;pt
cinematográfico;pt
cicatrizante;pt
chulo;pt
chocarreiro;pt
chocalhante;pt
chilreante;pt
chileno;pt
checo;pt
charro;pt
chapeado;pt
chamar;pt
chamada;pt
chaleira;pt
cerebrino;pt
centrífugo;pt
centralizado;pt
centenário;pt
celibatário;pt
celerado;pt
caviloso;pt
cavalheiro;pt
cavalar;pt
cauto;pt
catártico;pt
caturra;pt
catedrático;pt
castrado;pt
castelão;pt
castanho-mostarda;pt
castanho-dourado;pt
castanho-azulado;pt
castanho-avermelhado;pt
castanho-aloirado;pt
casquinante;pt
casamenteiro;pt
casadoiro;pt
casadoira;pt
casacado;pt
carocho;pt
carminado;pt
carmelita;pt
caritativo;pt
carismático;pt
caricato;pt
cariado;pt
cardeal;pt
carcomido;pt
carcerário;pt
carbólico;pt
capilar;pt
capcioso;pt
canónico;pt
canseiroso;pt
cangueiro;pt
canelado;pt
canalizado;pt
canalha;pt
camuflado;pt
cambial;pt
cambado;pt
camarário;pt
calmoso;pt
calejado;pt
caleidoscópico;pt
calcário;pt
calcado;pt
caladiço;pt
caipira;pt
cagado;pt
cafona;pt
cadente;pt
cadavérico;pt
caballero;pt
bóer;pt
bífido;pt
burocrático;pt
bugre;pt
bufante;pt
budista;pt
brônzeo;pt
broxa;pt
brega;pt
braquial;pt
branquelo;pt
branco-manhã;pt
brancarão;pt
brancacento;pt
brabo;pt
boêmio;pt
boémio;pt
bovino;pt
borracho;pt
boreal;pt
bombástico;pt
bolboso;pt
bodeado;pt
bocó-de-fivela;pt
bochechudo;pt
blasé;pt
blanco;pt
bizarrado;pt
bizantino;pt
bissemanal;pt
bipartido;pt
binário;pt
binocular;pt
bimensal;pt
bilíngüe;pt
bilionário;pt
bifocal;pt
bichado;pt
bical;pt
bibliotecário;pt
bezuntado;pt
berbere;pt
bera;pt
benquisto;pt
benfeitor;pt
benemerente;pt
bem-vestido;pt
bem-educado;pt
bem-amado;pt
beligerante;pt
belga;pt
beijocante;pt
bebido;pt
beaux;pt
beau;pt
beatério;pt
basso;pt
basculante;pt
banquero;pt
bandeado;pt
bamba;pt
balístico;pt
balético;pt
baloiçante;pt
balofo;pt
balneário;pt
balnear;pt
baleárico;pt
baleeiro;pt
baldo;pt
balcânico;pt
balançado;pt
balanceante;pt
babilônico;pt
aético;pt
açoriano;pt
açoreano;pt
açodado;pt
açambarcador;pt
azuleleca;pt
azul-pavão;pt
azul-metálico;pt
azul-esverdeado;pt
aziago;pt
azeitado;pt
axiomático;pt
axadrezado;pt
avisador;pt
aviltado;pt
avexado;pt
avariado;pt
avacalhado;pt
autonomista;pt
autodestrutivo;pt
autocondenador;pt
autocolante;pt
auto-encorajador;pt
auspicioso;pt
aureolal;pt
aumentado;pt
augustano;pt
atreito;pt
atractivo;pt
atochado;pt
atmosférico;pt
atlântico;pt
ateísta;pt
aterrorizador;pt
atemorizante;pt
ataviado;pt
atapetado;pt
atacante;pt
assoberbado;pt
assistido;pt
assim;pt
assalariado;pt
assado;pt
asqueroso;pt
aspirante;pt
asfixiante;pt
asfixiado;pt
ascoroso;pt
arábico;pt
arvorejado;pt
artificioso;pt
artesiano;pt
artesanal;pt
arruinado;pt
arrufado;pt
arrombado;pt
arrolador;pt
arrependIdo;pt
arrepanhado;pt
arrelvado;pt
arrebatador;pt
arraçado;pt
arranchado;pt
arrabaldino;pt
arquitetônico;pt
arquitectural;pt
arqueológico;pt
armilar;pt
aritmético;pt
argênteo;pt
areia;pt
arco-iriado;pt
arcaizante;pt
arado;pt
aquoso;pt
aquisitivo;pt
aquilino;pt
aquiescente;pt
aquartelado;pt
apurpurado;pt
apropositado;pt
apoquentado;pt
apoplético;pt
apopléctico;pt
apodrecido;pt
aplicável;pt
aplanado;pt
aplainado;pt
aplacado;pt
apavorante;pt
apatetado;pt
aparvalhado;pt
apartado;pt
aparelhado;pt
apanhado;pt
apalermado;pt
apainelado;pt
anómalo;pt
anêmico;pt
anão;pt
anunciador;pt
anulantes;pt
anulante;pt
antropófago;pt
antropomorfizado;pt
antropológico;pt
antropofágico;pt
antitóxico;pt
antitético;pt
antitabagista;pt
antisocial;pt
antiroubo;pt
antinatural;pt
antigás;pt
antidroga;pt
antiaéreo;pt
antiassalto;pt
antiamericano;pt
anti-semítico;pt
anti-humanista;pt
anti-espanhol;pt
antagónico;pt
anquilosante;pt
animoso;pt
anil;pt
angustioso;pt
angolano;pt
anglófilo;pt
anfíbio;pt
anestesiador;pt
anelante;pt
andrógeno;pt
andarilho;pt
anasalado;pt
analfabeto;pt
anacrônico;pt
anacrónico;pt
amulherado;pt
ampliado;pt
amortecedor;pt
amortalhado;pt
amolgado;pt
amolecedor;pt
amoedado;pt
amiudado;pt
amimado;pt
amicable;pt
amestrado;pt
ameninado;pt
ambiental;pt
amarguroso;pt
amarelo-girassol;pt
amarelo-esverdeado;pt
amarelo-claro;pt
amarelo-açafrão;pt
amarelo-acinzentado;pt
amarelastro;pt
amalecita;pt
amaldiçoado;pt
alvoroçado;pt
alvar;pt
alvadio;pt
alusivo;pt
alugado;pt
alucinógeno;pt
altruista;pt
altanado;pt
alquímico;pt
alpino;pt
alpinista;pt
aloirado;pt
aljofarado;pt
alilasado;pt
alienista;pt
alienante;pt
algébrico;pt
algarvio;pt
algarve;pt
aleijado;pt
aleatório;pt
alcoólatra;pt
alcoviteiro;pt
albino;pt
alarmista;pt
alargado;pt
alapardado;pt
airado;pt
ainda;pt
agônico;pt
agónico;pt
agrário;pt
agrilhoado;pt
agregado;pt
agoniante;pt
agastado;pt
afunilado;pt
afrodisíaco;pt
afrikaner;pt
afrikaans;pt
afrancesado;pt
afogado;pt
afligente;pt
afincado;pt
afinado;pt
afeiçoado;pt
afagador;pt
aeronáutico;pt
adventício;pt
aduloso;pt
adornado;pt
admonitório;pt
admirativo;pt
adjacente;pt
adicto;pt
ademane;pt
acústico;pt
acutilante;pt
acurado;pt
actuante;pt
acrílico;pt
acrescido;pt
acreditável;pt
acovado;pt
acossado;pt
acomodado;pt
aclamado;pt
acionário;pt
acintoso;pt
acaçapado;pt
acariciador;pt
acagaçado;pt
acaciano;pt
acabrunhante;pt
acabrunhado;pt
abusado;pt
aburguesado;pt
absorvente;pt
absolutista;pt
abrutalhado;pt
abrasivo;pt
abrasador;pt
aboborado;pt
abobalhado;pt
abissal;pt
abismado;pt
abdominal;pt
abandonardo;pt
abalador;pt
